subscriptionId,subscriptionName,accountId,Name,EA,NotificationContact,nc1,nc2,nc3,nc4,nc5,nc6,nc7,nc8,nc9,nc10,nc11,nc12,nc13,nc14
7b36016a-5d27-47d1-9605-04098a764f3d,周长,01e96eab-e4a9-4e69-b2c7-49582afe574b,NA,NA,NA,,,,,,,,,,,,,,
d639e0fa-1e1e-4daf-835a-bdbd3367657f,WINDOWS AZURE MOONCAKE,5972c2e8-c942-41ff-b842-35c97bda4e97,NA,NA,NA,,,,,,,,,,,,,,
64fc1d45-5d99-46e2-8b4a-6815173d17fe,NSB QA Sub,954b7453-0a0a-4592-9ec0-860f7b59b7c2,NA,NA,NA,,,,,,,,,,,,,,
c9d3f591-75c5-467b-b48e-a4ef65626587,NSB-AZU-CNN3-SPK01-Prod,954b7453-0a0a-4592-9ec0-860f7b59b7c2,NA,NA,NA,,,,,,,,,,,,,,
b4cfc580-04f2-4ce7-94ed-40039e15c60c,NSB PRD Sub,954b7453-0a0a-4592-9ec0-860f7b59b7c2,NA,NA,NA,,,,,,,,,,,,,,
dac0a3c3-becb-462d-a8ad-48b2041cdc2b,NSB-AZU-CNN3-SPK01-NonProd,954b7453-0a0a-4592-9ec0-860f7b59b7c2,NA,NA,NA,,,,,,,,,,,,,,
efc04f2f-19ff-4e6d-971e-f2ef58814a48,WINDOWS AZURE INTERNAL CONSUMPTION,b52a2cfd-0353-4fb1-87b9-77c2ccada4b0,NA,NA,NA,,,,,,,,,,,,,,
414d5d34-3d3a-4164-862b-514eeb85c95b,WINDOWS AZURE INTERNAL CONSUMPTION,b52a2cfd-0353-4fb1-87b9-77c2ccada4b0,NA,NA,NA,,,,,,,,,,,,,,
2846d685-640f-453a-a817-2154cf4790a5,s-sis-cn-gdo-con-nonprod,cd4d7ed0-c8d3-4467-91fe-e6542d0974ae,NA,NA,NA,,,,,,,,,,,,,,
d12b99c7-646f-442a-b9de-038fc3bf0a64,s-sis-cn-prod-ssot,cd4d7ed0-c8d3-4467-91fe-e6542d0974ae,NA,NA,NA,,,,,,,,,,,,,,
e11651f7-6a1b-4fa4-b19e-70ab6ab78207,s-sis-cn-nonprod-ssot,cd4d7ed0-c8d3-4467-91fe-e6542d0974ae,NA,NA,NA,,,,,,,,,,,,,,
1d77df35-b09d-46fd-93c6-30de23723956,APAC_GCFTRANSFORMATION_DEV_001,d25b2848-06e4-4169-b1ca-e156f34daf9f,布雷博(南京)制动系统有限公司,V5702306S0354,a.ferrari@brembo.it,alessio.fiorentino@brembo.com,Gao_Chen@brembo.cn,stefano.romano@brembo.com,,,,,,,,,,,
fef942d0-d0ed-4615-bdb9-138cfb503c21,APAC_DATAGOVERNANCE_PROD_001,d25b2848-06e4-4169-b1ca-e156f34daf9f,布雷博(南京)制动系统有限公司,V5702306S0354,a.ferrari@brembo.it,alessio.fiorentino@brembo.com,Gao_Chen@brembo.cn,stefano.romano@brembo.com,,,,,,,,,,,
a0f5078c-bd6b-4826-b7a0-efb8cd2d6a72,Gravity-dev,25639380-c2ca-455c-9a7a-fb6cd3f74895,NA,NA,NA,,,,,,,,,,,,,,
acec9cc3-4e88-49c9-8bb2-30bd0c3dc723,WINDOWS AZURE INTERNAL CONSUMPTION,2d83d63a-1b52-4d69-9b9a-1e0d26f97771,NA,NA,NA,,,,,,,,,,,,,,
60a1fe3f-2da8-4493-8533-3d7ec21851cb,N/A,a9b3e2a9-b5dd-4c40-8732-dc158ad9e4c4,NA,NA,NA,,,,,,,,,,,,,,
205e4678-a349-4d5d-8233-fe08765d8dc5,N/A,a9b3e2a9-b5dd-4c40-8732-dc158ad9e4c4,NA,NA,NA,,,,,,,,,,,,,,
918fad67-4912-4346-81e8-94d9dee95020,N/A,aed07568-b92d-4010-913b-560651b818cc,NA,NA,NA,,,,,,,,,,,,,,
2aacd7fd-b123-416d-a548-66822bc08378,NILLAB,ed6991b1-eb1b-4716-b030-85b349aa54c9,NA,NA,NA,,,,,,,,,,,,,,
9176b1e8-96a3-442d-993a-86d0dfe41032,免费试用,fb1848e2-893b-471a-b667-7a9cab74feab,NA,NA,NA,,,,,,,,,,,,,,
30536d8c-d934-406d-8e55-3a9e3b852e58,STCA-MAPS-MOONCAKE-PROD,343efbdc-3cb9-4792-9aab-e6e04942e937,NA,NA,NA,,,,,,,,,,,,,,
6b14b494-56c5-44d2-a6fb-00ef27001c44,Windows Azure 企业,466eabc3-01c0-4721-8ca2-f105991b6ae3,NA,NA,NA,,,,,,,,,,,,,,
82ea15d6-0997-4fe5-ae9d-b3f2135757ad,Corneliani,8cd0633b-b782-45ed-b6ba-112fe45cd4ab,NA,NA,NA,,,,,,,,,,,,,,
573ea5b4-0a35-44f1-812a-e87c085b4997,ex-pr-gdtech,a3e01c6b-3c4e-49bb-91fa-33003d89c5fc,NA,NA,NA,,,,,,,,,,,,,,
8e88cbe1-2cf1-451b-86f7-eb8b5568f52f,第一三共（中国）投资有限公司,c64b445a-19ad-40f9-a602-97369d19de56,第一三共(中国)投资有限公司,V5702308S0479,Fancy.Li@lianwei.com.cn,support@daiichisankyo.com.cn,,,,,,,,,,,,,
c6dbcbd4-85b4-485e-acd4-7b018cd23e6d,WIN IN CHINA OFFICEPLUS PROD,c833f0ce-bee5-451f-aa70-bec80e47a48e,NA,NA,NA,,,,,,,,,,,,,,
187a032c-caf1-4f22-bf1d-b01e42d11396,WIN IN CHINA OFFICEPLUS EDOG,c833f0ce-bee5-451f-aa70-bec80e47a48e,NA,NA,NA,,,,,,,,,,,,,,
165d1aec-31d4-417f-99ba-27b7cac782d6,Subscription 1,fb52cbca-e588-4845-ba13-1355aa51a551,NA,NA,NA,,,,,,,,,,,,,,
c8e6d660-feb4-4fd9-a71b-dc0ecaeb89ef,AZ2 - Data Platform - PN - Prod,1a2839d4-501c-47cb-8644-ed168a09c85c,NA,NA,NA,,,,,,,,,,,,,,
5335d7f9-e604-4cd5-bf74-03c8ae49ba3e,AZ2 - Data Platform - Petcare - Non Prod,1a2839d4-501c-47cb-8644-ed168a09c85c,NA,NA,NA,,,,,,,,,,,,,,
06f7bb64-1b06-42b4-a8d9-a9548a7b3a4b,AZ2 - Data Platform - MGS - Non Prod,1a2839d4-501c-47cb-8644-ed168a09c85c,NA,NA,NA,,,,,,,,,,,,,,
de2a84d2-80c1-4f49-95d3-00935670f3e6,Analytics at Mars China Prod,1a2839d4-501c-47cb-8644-ed168a09c85c,NA,NA,NA,,,,,,,,,,,,,,
c0b5dac5-c88f-468f-b4ca-e300df7d0c81,AZ2 - Data Platform - MW - Non Prod,1a2839d4-501c-47cb-8644-ed168a09c85c,NA,NA,NA,,,,,,,,,,,,,,
e98bfdd7-72ba-45b3-951a-2e3d05c8fb78,AZ2 - Data Platform - MW - Prod,1a2839d4-501c-47cb-8644-ed168a09c85c,NA,NA,NA,,,,,,,,,,,,,,
46c53d05-41bc-410b-a2ca-f37381c7c406,AZ2 - Data Platform - Petcare - Prod,1a2839d4-501c-47cb-8644-ed168a09c85c,NA,NA,NA,,,,,,,,,,,,,,
a190587c-8ea9-4f17-9d16-a1c8b79aca1d,AZ2 - Cloud CoE - Sbx,1a2839d4-501c-47cb-8644-ed168a09c85c,NA,NA,NA,,,,,,,,,,,,,,
caa427cd-f315-41a2-a828-da3a82466e09,AZ2 - Data Platform - RC - Prod,1a2839d4-501c-47cb-8644-ed168a09c85c,NA,NA,NA,,,,,,,,,,,,,,
0b6c4b9e-b613-494c-adf1-5851f6009ae2,Analytics at Mars China Dev,1a2839d4-501c-47cb-8644-ed168a09c85c,NA,NA,NA,,,,,,,,,,,,,,
40eef6e0-3311-4483-9959-426bdb26c151,AZ2 - Data Platform - PN - Non Prod,1a2839d4-501c-47cb-8644-ed168a09c85c,NA,NA,NA,,,,,,,,,,,,,,
80d90827-3894-4ed7-8690-8821d586e5e7,AZ2 - Solution MW - NonProd,1a2839d4-501c-47cb-8644-ed168a09c85c,NA,NA,NA,,,,,,,,,,,,,,
f4e17c25-9d3a-4d4a-9c51-7c10d4b0050c,AZ2 - Data Platform - MGS - Prod,1a2839d4-501c-47cb-8644-ed168a09c85c,NA,NA,NA,,,,,,,,,,,,,,
b9f6f11b-5fea-47e4-a41a-f023cc68e392,AZ2 - Data Platform - RC - Non Prod,1a2839d4-501c-47cb-8644-ed168a09c85c,NA,NA,NA,,,,,,,,,,,,,,
a421ff84-1b0d-4e12-bbda-dade6fde5f38,WINDOWS AZURE 企业,a4cd4d2b-e786-48dc-979a-f7397b57a7bc,北京伟仕云安科技有限公司,V5702501S0011,an.jing@vstecs.com,qian.zhang4@vstecs.com,yanzhi.zhang@vstecs.com,,,,,,,,,,,,
9772a9d0-b75c-4247-9377-cc1430e4d66f,WINDOWS AZURE 企业,b0c45dc1-f9f3-4a73-b1ab-03421be50cde,NA,NA,NA,,,,,,,,,,,,,,
6d4bb49f-efa0-4556-91ad-dddf0932f619,N/A,e6552317-328f-4b9e-9673-bd6726d7e196,NA,NA,NA,,,,,,,,,,,,,,
c8b60832-df43-4104-b66b-6348bc445486,N/A,51e856d7-78b8-40f7-8cee-e3277ec431a4,NA,NA,NA,,,,,,,,,,,,,,
c1e15cd9-1587-484b-a9ca-4cc0467d9d23,N/A,8760afd9-4b71-4ec8-bd29-f13f8c6a2a16,NA,NA,NA,,,,,,,,,,,,,,
e200a929-8c80-4c5e-a68d-c3670133a606,MRS360-Int,9fba45ac-624f-411c-bd2e-510d3b17330b,NA,NA,NA,,,,,,,,,,,,,,
723c89e0-1f0a-4897-9f24-f3ed11811b87,MRS360-Prod,9fba45ac-624f-411c-bd2e-510d3b17330b,NA,NA,NA,,,,,,,,,,,,,,
b94bc522-448b-4e0b-8769-8a9d18f3946a,N/A,c8134896-6576-498d-a065-faff40ba0a2b,NA,NA,NA,,,,,,,,,,,,,,
ad2e2e82-2d98-4f5e-a339-9f385abff694,N/A,c8134896-6576-498d-a065-faff40ba0a2b,NA,NA,NA,,,,,,,,,,,,,,
ad408d65-6fc4-4869-969e-4560eb7b3b85,DataHub,f3ce0088-4c25-408d-b367-f5369044bfd0,NA,NA,NA,,,,,,,,,,,,,,
cba704a6-42fe-487a-8112-70fd5980baad,sub-360appdigital-sandbox-01,61c8cd56-17aa-4741-9f15-96b55271254a,NA,NA,NA,,,,,,,,,,,,,,
554753ce-9e0b-4442-b2de-f560f0b56f01,INTERNAL CONSUMPTION,78532c3f-b8cf-4dfb-bb6a-6f30487b361f,NA,NA,NA,,,,,,,,,,,,,,
4bdf881a-7129-4ff2-9675-a73d503312cb,MSL-DataLake,8eb117c9-9f2e-428c-b24d-cf7da4931f2e,NA,NA,NA,,,,,,,,,,,,,,
9b9c1fea-54d7-4224-9173-53144b6ce724,WINDOWS AZURE 企业,95f1c912-33a0-4d5f-879b-db65720059e5,中建材信息技术股份有限公司,V5702311S0592,azurebilling@topmsp.cn,elmer.huang@novatech.cn,justin.lu@novatech.cn,justin.lu@nova-tech.cn,renchangfu@cnbmtech.com,sync-service@cnbmtech.top,,,,,,,,,
55c1e20b-c1ed-40eb-aae2-92321ff74b15,CN-EC-CDMP-PRE,c93418c0-895e-4a96-bbb7-08f6696c5d0d,Ford Motor (China) Ltd,V5702405S0110,azure@ford.com,azurechn@ford.com,PJI2@ford.com,qwang156@ford.com,ralle214@ford.com,sdaphne@ford.com,,,,,,,,,
d4dcefb2-a460-423d-8ac4-a2525c95da20,FORDCN-CLOUDOPS-L4-FORD-RESEARCH,c93418c0-895e-4a96-bbb7-08f6696c5d0d,Ford Motor (China) Ltd,V5702405S0110,azure@ford.com,azurechn@ford.com,PJI2@ford.com,qwang156@ford.com,ralle214@ford.com,sdaphne@ford.com,,,,,,,,,
fdb90e67-c2de-4f08-8f5d-e10b1bd64d11,CN-EC-CDMP-PROD,c93418c0-895e-4a96-bbb7-08f6696c5d0d,Ford Motor (China) Ltd,V5702405S0110,azure@ford.com,azurechn@ford.com,PJI2@ford.com,qwang156@ford.com,ralle214@ford.com,sdaphne@ford.com,,,,,,,,,
f44cb29d-6240-400d-b9e7-b4e9cb45f3e6,CN-FSM-SCAVP-PROD,c93418c0-895e-4a96-bbb7-08f6696c5d0d,Ford Motor (China) Ltd,V5702405S0110,azure@ford.com,azurechn@ford.com,PJI2@ford.com,qwang156@ford.com,ralle214@ford.com,sdaphne@ford.com,,,,,,,,,
10059405-4b97-4785-a056-604d903715a1,CN-FAP-ESL-PROD,c93418c0-895e-4a96-bbb7-08f6696c5d0d,Ford Motor (China) Ltd,V5702405S0110,azure@ford.com,azurechn@ford.com,PJI2@ford.com,qwang156@ford.com,ralle214@ford.com,sdaphne@ford.com,,,,,,,,,
26c8fcbc-d962-43b6-b33e-5789fb869307,CN-EC-CHINAVSOC-PRE,c93418c0-895e-4a96-bbb7-08f6696c5d0d,Ford Motor (China) Ltd,V5702405S0110,azure@ford.com,azurechn@ford.com,PJI2@ford.com,qwang156@ford.com,ralle214@ford.com,sdaphne@ford.com,,,,,,,,,
944d7e93-9d15-4b95-9268-0455c4e84774,CN-EC-DCSP-PRE,c93418c0-895e-4a96-bbb7-08f6696c5d0d,Ford Motor (China) Ltd,V5702405S0110,azure@ford.com,azurechn@ford.com,PJI2@ford.com,qwang156@ford.com,ralle214@ford.com,sdaphne@ford.com,,,,,,,,,
4bb47525-1a6e-40e7-acc7-9586b4d93346,CN-EC-CHINAVSOC-PROD,c93418c0-895e-4a96-bbb7-08f6696c5d0d,Ford Motor (China) Ltd,V5702405S0110,azure@ford.com,azurechn@ford.com,PJI2@ford.com,qwang156@ford.com,ralle214@ford.com,sdaphne@ford.com,,,,,,,,,
c5168f74-4b3b-463a-a05f-9b173c740714,CN-FSM-SCAVP-PRE,c93418c0-895e-4a96-bbb7-08f6696c5d0d,Ford Motor (China) Ltd,V5702405S0110,azure@ford.com,azurechn@ford.com,PJI2@ford.com,qwang156@ford.com,ralle214@ford.com,sdaphne@ford.com,,,,,,,,,
901e6819-9d6c-4576-a814-e5b4b75f5497,CN-FAP-ESL-PRE,c93418c0-895e-4a96-bbb7-08f6696c5d0d,Ford Motor (China) Ltd,V5702405S0110,azure@ford.com,azurechn@ford.com,PJI2@ford.com,qwang156@ford.com,ralle214@ford.com,sdaphne@ford.com,,,,,,,,,
f7c48881-f430-4d97-9f36-3056eef448d6,CN-EC-DCSP-PROD,c93418c0-895e-4a96-bbb7-08f6696c5d0d,Ford Motor (China) Ltd,V5702405S0110,azure@ford.com,azurechn@ford.com,PJI2@ford.com,qwang156@ford.com,ralle214@ford.com,sdaphne@ford.com,,,,,,,,,
16463c29-a191-403f-bb26-0311b52e1ffa,CNIAB-Platform-PRD,3dd7db27-998f-4ed5-980b-6ed285b40457,NA,NA,NA,,,,,,,,,,,,,,
17bed26a-c6da-45e4-9a6f-31152b5041e9,CNIAB-DigitalService-PRD,3dd7db27-998f-4ed5-980b-6ed285b40457,NA,NA,NA,,,,,,,,,,,,,,
a29a052c-5175-4e03-bfbd-94c53dc50017,ABB-CN-APP-NMG-PROD-9AAG8882-01,3dd7db27-998f-4ed5-980b-6ed285b40457,NA,NA,NA,,,,,,,,,,,,,,
9bccb00e-5e14-43a5-af41-aa7d58709e9d,ABB-CN-APP-NMG-TEST-9AAG8882-01,3dd7db27-998f-4ed5-980b-6ed285b40457,NA,NA,NA,,,,,,,,,,,,,,
d9a7d15b-4433-48a6-91a0-a3232d273316,ABB-CN-APP-NMG-PROD-APM0013350-01,3dd7db27-998f-4ed5-980b-6ed285b40457,NA,NA,NA,,,,,,,,,,,,,,
f9746eba-ade5-43db-b2a6-3542f9edbe59,ABB-CN-APP-NMG-DEV-APM0018598-01,3dd7db27-998f-4ed5-980b-6ed285b40457,NA,NA,NA,,,,,,,,,,,,,,
389b9ee4-333e-4bab-ac36-976978f201a8,China-Data-Analytics,3dd7db27-998f-4ed5-980b-6ed285b40457,NA,NA,NA,,,,,,,,,,,,,,
5b9fa153-bed9-4725-90c6-700f91b105b9,ABB-CN-APP-NMG-DEV-9AAG8882-01,3dd7db27-998f-4ed5-980b-6ed285b40457,NA,NA,NA,,,,,,,,,,,,,,
48e72f9a-f3ae-4c53-9ab2-c4c0f2a903c6,Integration-DEV,3dd7db27-998f-4ed5-980b-6ed285b40457,NA,NA,NA,,,,,,,,,,,,,,
af96d3c8-1272-44c3-8f46-e15f6e1404e5,MOSE-CMDAnalytics-Dev,3dd7db27-998f-4ed5-980b-6ed285b40457,NA,NA,NA,,,,,,,,,,,,,,
20946d88-f15b-45e8-8a90-cfafcc073ce9,EPPC-EDCS-CNTenant-Prod,3dd7db27-998f-4ed5-980b-6ed285b40457,NA,NA,NA,,,,,,,,,,,,,,
ad2db9b8-f8bc-43e8-9bb0-ebcb26352077,ABB-CN-APP-NMG-TEST-9AAG034845-01,3dd7db27-998f-4ed5-980b-6ed285b40457,NA,NA,NA,,,,,,,,,,,,,,
3df68010-2102-4e4a-b94d-f7f5bc7559e9,CNIAB-Platform-DEV,3dd7db27-998f-4ed5-980b-6ed285b40457,NA,NA,NA,,,,,,,,,,,,,,
ce6d56ac-915e-4dd7-87bd-1c0848676029,CN-AZSUB-APA-AUD-CORTEX-APA-DATABRICKS-STAGE3-PRD,49fc69ca-8aff-4325-a87d-c71a37624e83,Deloitte & Touche Delivery Center Limited,V5702208S0474,a-hawang@deloittecn.deloitte.com.cn,beckzwang@deloitte.com.cn,hawang@deloitte.com.cn,ndong@deloittecn.com.cn,wrwang@Deloitte.com.cn,,,,,,,,,,
f04ad9e4-dc70-4149-aff1-623175193cab,CN-AZSUB-APA-AUD-CORTEX-APA-DATABRICKS-PROD1-PRD,49fc69ca-8aff-4325-a87d-c71a37624e83,Deloitte & Touche Delivery Center Limited,V5702208S0474,a-hawang@deloittecn.deloitte.com.cn,beckzwang@deloitte.com.cn,hawang@deloitte.com.cn,ndong@deloittecn.com.cn,wrwang@Deloitte.com.cn,,,,,,,,,,
6c6332db-c624-488c-bb38-500425deabe3,CN-AZSUB-APA-AUD-CORTEX-APA-DATABRICKS-STAGE1-PRD,49fc69ca-8aff-4325-a87d-c71a37624e83,Deloitte & Touche Delivery Center Limited,V5702208S0474,a-hawang@deloittecn.deloitte.com.cn,beckzwang@deloitte.com.cn,hawang@deloitte.com.cn,ndong@deloittecn.com.cn,wrwang@Deloitte.com.cn,,,,,,,,,,
c6aef70b-d77c-4da1-a84f-d5df48b27c67,CN-AZSUB-APA-AUD-CORTEX-APA-DATABRICKS-PROD2-PRD,49fc69ca-8aff-4325-a87d-c71a37624e83,Deloitte & Touche Delivery Center Limited,V5702208S0474,a-hawang@deloittecn.deloitte.com.cn,beckzwang@deloitte.com.cn,hawang@deloitte.com.cn,ndong@deloittecn.com.cn,wrwang@Deloitte.com.cn,,,,,,,,,,
ab8e02c9-0559-4689-94b7-affa25a4728b,CN-AZSUB-APA-AUD-CORTEX-APA-DATABRICKS-PROD3-PRD,49fc69ca-8aff-4325-a87d-c71a37624e83,Deloitte & Touche Delivery Center Limited,V5702208S0474,a-hawang@deloittecn.deloitte.com.cn,beckzwang@deloitte.com.cn,hawang@deloitte.com.cn,ndong@deloittecn.com.cn,wrwang@Deloitte.com.cn,,,,,,,,,,
cf5c22b7-22fd-4ce3-af8a-608ba52981f9,CN-AZSUB-APA-DC-MUSIC-PRD,49fc69ca-8aff-4325-a87d-c71a37624e83,Deloitte & Touche Delivery Center Limited,V5702208S0474,a-hawang@deloittecn.deloitte.com.cn,beckzwang@deloitte.com.cn,hawang@deloitte.com.cn,ndong@deloittecn.com.cn,wrwang@Deloitte.com.cn,,,,,,,,,,
9cb5340e-72f2-4350-af5a-6de95a5f536f,CN-AZSUB-APA-AUD-CORTEX-APA-DATABRICKS-STAGE2-PRD,49fc69ca-8aff-4325-a87d-c71a37624e83,Deloitte & Touche Delivery Center Limited,V5702208S0474,a-hawang@deloittecn.deloitte.com.cn,beckzwang@deloitte.com.cn,hawang@deloitte.com.cn,ndong@deloittecn.com.cn,wrwang@Deloitte.com.cn,,,,,,,,,,
ba1763e0-fcfb-4ce7-ad07-8e2e5682d40c,CN-AZSUB-APA-AUD-CORTEX-APA-DATAENG-PROD1-PRD,49fc69ca-8aff-4325-a87d-c71a37624e83,Deloitte & Touche Delivery Center Limited,V5702208S0474,a-hawang@deloittecn.deloitte.com.cn,beckzwang@deloitte.com.cn,hawang@deloitte.com.cn,ndong@deloittecn.com.cn,wrwang@Deloitte.com.cn,,,,,,,,,,
b87ec458-bd7b-44be-9bd9-c7cef883a7ea,CN-AZSUB-APA-AUD-CORTEX-APA-DATAENG-STAGE-PRD,49fc69ca-8aff-4325-a87d-c71a37624e83,Deloitte & Touche Delivery Center Limited,V5702208S0474,a-hawang@deloittecn.deloitte.com.cn,beckzwang@deloitte.com.cn,hawang@deloitte.com.cn,ndong@deloittecn.com.cn,wrwang@Deloitte.com.cn,,,,,,,,,,
8bfa288e-6963-4f1d-b822-b4e1c2c59b12,CN-AZSUB-APA-AUD-CORTEX01-APA-PRD,49fc69ca-8aff-4325-a87d-c71a37624e83,Deloitte & Touche Delivery Center Limited,V5702208S0474,a-hawang@deloittecn.deloitte.com.cn,beckzwang@deloitte.com.cn,hawang@deloitte.com.cn,ndong@deloittecn.com.cn,wrwang@Deloitte.com.cn,,,,,,,,,,
3873dcd1-810c-4e3b-a18c-9cc346dfae37,CN-AZSUB-APA-AUD-OMNIA-NPD,49fc69ca-8aff-4325-a87d-c71a37624e83,Deloitte & Touche Delivery Center Limited,V5702208S0474,a-hawang@deloittecn.deloitte.com.cn,beckzwang@deloitte.com.cn,hawang@deloitte.com.cn,ndong@deloittecn.com.cn,wrwang@Deloitte.com.cn,,,,,,,,,,
4a15d79e-8e39-4b65-9dd0-7854c6c99a9d,FKC SFE,5945747a-f548-40f4-9020-b29882d1a9c0,NA,NA,NA,,,,,,,,,,,,,,
adb3caf7-04c4-4db4-bae1-5acf4a0000fa,FKC Azure,5945747a-f548-40f4-9020-b29882d1a9c0,NA,NA,NA,,,,,,,,,,,,,,
9028eabc-06ee-493c-81a1-5cc4118f4e68,FKC Azure Test,5945747a-f548-40f4-9020-b29882d1a9c0,NA,NA,NA,,,,,,,,,,,,,,
d1232b2d-fa0d-4d77-8132-492b28e0ce61,Windows Azure 企业,5f412fbf-043a-4a1a-886e-a6788cd3aa56,NA,NA,NA,,,,,,,,,,,,,,
4ebdd33b-3f07-4503-baba-8ad149b81ac1,PGChina-Sandbox,96922d38-fbd7-4d5d-a608-fc30c519d2a7,NA,NA,NA,,,,,,,,,,,,,,
10c08ccf-8064-444c-9ae3-ea9c3bd2e32f,PGChina-External-Consumer,96922d38-fbd7-4d5d-a608-fc30c519d2a7,NA,NA,NA,,,,,,,,,,,,,,
9193b2c5-d925-4824-9062-c63ba1bc56e8,PGChina-External-B2B,96922d38-fbd7-4d5d-a608-fc30c519d2a7,NA,NA,NA,,,,,,,,,,,,,,
310658f5-7413-4768-a7f9-8ed011d25581,PGChina-SharedService,96922d38-fbd7-4d5d-a608-fc30c519d2a7,NA,NA,NA,,,,,,,,,,,,,,
6a479bdd-a187-4320-b3b7-d8eb1ee77fd6,SHYMOONCAKEINTERNALSUBSCRIPTION,a5a6389e-085b-49f3-9180-f6e815a57e1b,NA,NA,NA,,,,,,,,,,,,,,
4c0eacea-5ffe-4346-b831-add788e1a17f,D365,c66c2e35-a856-4093-b01e-e99d3853dea3,NA,NA,NA,,,,,,,,,,,,,,
a06a0e67-612b-4240-96b0-44e228851e31,AdenGroupPlatformCN01,55f6e0cf-7104-4b5c-b0f2-c5e7d1ad09fd,NA,NA,NA,,,,,,,,,,,,,,
40bf6a9a-79ce-4d90-877d-63d681cb75b4,kaz-sub-07n-plt-01,61a5a03f-a9d6-48a9-a370-f595f73caa54,NA,NA,NA,,,,,,,,,,,,,,
d5cd3801-1ffd-4ba5-8581-781cabfdba22,kaz-sub-07n-com-01,61a5a03f-a9d6-48a9-a370-f595f73caa54,NA,NA,NA,,,,,,,,,,,,,,
6e1f5048-2a43-4797-a38c-466b4740a5d7,kaz-sub-07p-com-01,61a5a03f-a9d6-48a9-a370-f595f73caa54,NA,NA,NA,,,,,,,,,,,,,,
afa633c3-5c7d-49bf-bee7-23e4dbf4df3b,WINDOWS AZURE INTERNAL CONSUMPTION,83581a27-d382-4841-bd9c-338e2a96cf6e,NA,NA,NA,,,,,,,,,,,,,,
e21766fd-4d1f-49b7-ac3d-a9ed83bfc3b1,CDM4VAPPSUB001,35933b52-4e88-4253-8ee9-5afff7a09dd7,NA,NA,NA,,,,,,,,,,,,,,
788ff03c-2caa-4181-9677-e75e4ef7fb65,LAB4KSHASUB001,35933b52-4e88-4253-8ee9-5afff7a09dd7,NA,NA,NA,,,,,,,,,,,,,,
7290c66c-ca8f-41f0-ba0f-affe7e4fdb83,CMI_CN_Prod_DR,4a3c3224-916f-4245-8ea2-6c83494352d6,NA,NA,NA,,,,,,,,,,,,,,
f5a4a74a-a0e1-49e4-bf09-13609f38b674,CumminsChina006,4a3c3224-916f-4245-8ea2-6c83494352d6,NA,NA,NA,,,,,,,,,,,,,,
dadf72f0-05c5-4763-82ea-b7053a54bc53,CMI_CN_Dev_Stg,4a3c3224-916f-4245-8ea2-6c83494352d6,NA,NA,NA,,,,,,,,,,,,,,
ea0b654e-9f52-4711-beff-f3575e1dabe2,Fuchs-BigData,64440ae3-7e2d-472b-a8f7-762493832d72,NA,NA,NA,,,,,,,,,,,,,,
bbf9031c-8f84-4ee0-a64a-93597996edec,WINDOWS AZURE 企业,67f831e3-9aa1-417c-bb59-15a394d67d52,Exeevo Shanghai Limited,V5702309S0510,dl_devops@exeevo.com,liang.kang@exeevo.com,lokesh.chennam@exeevo.com,,,,,,,,,,,,
6f6b84fc-bfc8-4f6f-b22b-ec0254347f5a,上海亦恺互联网络科技有限公司,742bb457-ea74-4705-a787-b3aae69b550a,NA,NA,NA,,,,,,,,,,,,,,
1d2e7170-3818-428b-9863-e72651a9c485,WINDOWS AZURE 内部消耗 FOR YUJING DEMO,7a61bcd7-6f6a-45f6-b104-98ea4930b662,NA,NA,NA,,,,,,,,,,,,,,
d2871847-0045-48f0-9f64-b67cb4f25b09,云服务部-秦斌测试,7cd9edca-4c74-466c-bf37-83d6b283f026,NA,NA,NA,,,,,,,,,,,,,,
6273fbea-8a11-498b-8218-02b6f4398e12,IOT测试,7cd9edca-4c74-466c-bf37-83d6b283f026,NA,NA,NA,,,,,,,,,,,,,,
28fa79ec-79c6-4499-ad0a-19b93a92ae90,ct-cn-public-production-01,87e3463c-a686-4298-a483-5241910970d4,NA,NA,NA,,,,,,,,,,,,,,
5178f898-3054-426a-8ccc-3f826ce42275,ac-cn-public-devtest-01,87e3463c-a686-4298-a483-5241910970d4,NA,NA,NA,,,,,,,,,,,,,,
a71b7682-ca49-4445-83e3-3b47c11a95f1,WINDOWS AZURE ENTERPRISE,e20cc6a3-07ba-4c54-9e49-f10be53f45f1,中建材信息技术股份有限公司,V5702510S0189,renchangfu@cnbmtech.com,,,,,,,,,,,,,,
cf430f6d-6f70-411e-8a96-bee5e7cdb865,CES CN Prod,328cfd11-431f-409a-bd81-d2dabb37e48d,NA,NA,NA,,,,,,,,,,,,,,
4c63e1dc-8a1a-4e97-b034-f11f79acf5a3,CES CN UAT,328cfd11-431f-409a-bd81-d2dabb37e48d,NA,NA,NA,,,,,,,,,,,,,,
f6c452f0-443c-4147-a81a-4774b09dcf69,CES CN DEV,328cfd11-431f-409a-bd81-d2dabb37e48d,NA,NA,NA,,,,,,,,,,,,,,
a3ed878b-f1fc-4da6-bf96-b277509c2778,Windows Azure Enterprise,53cdcf80-7fc3-4b25-9f35-f37abb80ad4b,NA,NA,NA,,,,,,,,,,,,,,
75a3ee34-777a-4665-b402-10d1cf678d9d,Stryker-VDC-CN,7544ac52-0b52-4bea-811c-0e4812ced005,NA,NA,NA,,,,,,,,,,,,,,
3b91d26e-ddbf-4297-8e15-13412771f973,Stryker-CNDW,7544ac52-0b52-4bea-811c-0e4812ced005,NA,NA,NA,,,,,,,,,,,,,,
dc73103a-c05d-4915-8175-25b04342fa8f,WINDOWS AZURE 企业,8a110555-84f5-4b95-baf6-be96b16079f3,中建材信息技术股份有限公司,V5702311S0592,azurebilling@topmsp.cn,elmer.huang@novatech.cn,justin.lu@novatech.cn,justin.lu@nova-tech.cn,renchangfu@cnbmtech.com,sync-service@cnbmtech.top,,,,,,,,,
69d0270c-8ea0-4598-bcf2-ce62dcffd19f,Windows Azure 企业,94450e4d-630f-49c9-9c88-6783527480bb,NA,NA,NA,,,,,,,,,,,,,,
c323e3ed-494d-42d0-ad35-9e70053b9929,DEVREL GLOBAL EXP - AZ DOC VALIDATION,1c8da8cf-fe76-451f-81f9-80a8f12dfbc0,NA,NA,NA,,,,,,,,,,,,,,
eea495bd-5a36-4c17-8bfd-d3c0b8a04627,WINDOWS AZURE 内部消耗,1c8da8cf-fe76-451f-81f9-80a8f12dfbc0,NA,NA,NA,,,,,,,,,,,,,,
97fad604-4a61-489b-a315-9fc77243634b,WINDOWS AZURE INTERNAL CONSUMPTION,1c8da8cf-fe76-451f-81f9-80a8f12dfbc0,NA,NA,NA,,,,,,,,,,,,,,
b0e9b07f-bddc-4651-b32f-d2c7f56bd44d,ERIC HUANG 21V INTERNAL,1c8da8cf-fe76-451f-81f9-80a8f12dfbc0,NA,NA,NA,,,,,,,,,,,,,,
fc12637f-ab9f-43bd-94f1-7958454d201b,BOWEI 21V 内部消耗,1c8da8cf-fe76-451f-81f9-80a8f12dfbc0,NA,NA,NA,,,,,,,,,,,,,,
4d841ffa-e7e3-4bb6-9a30-7e3f78c9eb8b,WINDOWS AZURE 内部消耗,1c8da8cf-fe76-451f-81f9-80a8f12dfbc0,NA,NA,NA,,,,,,,,,,,,,,
1d35aa9c-4f5d-46f5-b0f1-8090c4a28d5e,WINDOWS MASTER - LOCAL,1c8da8cf-fe76-451f-81f9-80a8f12dfbc0,NA,NA,NA,,,,,,,,,,,,,,
3ef6efce-fc9c-4e1b-b952-a0b092f52619,KW-MOONCAKE-DEVOPS,1c8da8cf-fe76-451f-81f9-80a8f12dfbc0,NA,NA,NA,,,,,,,,,,,,,,
786feb19-a4bb-479d-ad57-b5e2b2740bbb,KW-MOONCAKE-DEVOPS-BUGTEST3,1c8da8cf-fe76-451f-81f9-80a8f12dfbc0,NA,NA,NA,,,,,,,,,,,,,,
e93bd64e-43fe-4cc3-801b-3b5daf2ab79b,WINDOWS AZURE 内部消耗,1c8da8cf-fe76-451f-81f9-80a8f12dfbc0,NA,NA,NA,,,,,,,,,,,,,,
f67b6cfd-e9a5-4b66-aa96-9b1088419dd2,KW-MOONCAKE-DEVOPS-BUGTEST4,1c8da8cf-fe76-451f-81f9-80a8f12dfbc0,NA,NA,NA,,,,,,,,,,,,,,
b910ae9e-6599-4846-8f51-f38ea266b1d4,WINDOWS AZURE INTERNAL CONSUMPTION,2a469c76-f554-4899-801a-416c40cb38e3,NA,NA,NA,,,,,,,,,,,,,,
1631f3af-fc17-48e7-9dc7-b519f52534ab,N/A,769bc7a9-e31f-4fb2-9d0a-5fb4269a6985,NA,NA,NA,,,,,,,,,,,,,,
49558b49-91bf-4cde-9197-3c3ee3a5cb17,WINDOWS AZURE 内部消耗,0529c36a-a48e-43aa-9ac7-e8e11587feba,NA,NA,NA,,,,,,,,,,,,,,
08ba6e07-14eb-4984-9176-9261b8a2781d,ABI CN NON-PROD,3ace8aaf-4388-4459-9c59-9f66d01b1607,NA,NA,NA,,,,,,,,,,,,,,
cbb96dae-9e20-433b-a3de-eda64db09f73,ABI CN BREWDAT SANDBOX,3ace8aaf-4388-4459-9c59-9f66d01b1607,NA,NA,NA,,,,,,,,,,,,,,
501e24a8-2b48-4754-b854-06a693e5af5b,ABI CN Infra Sandbox,3ace8aaf-4388-4459-9c59-9f66d01b1607,NA,NA,NA,,,,,,,,,,,,,,
eb58e4ad-9726-40dc-9960-6ad29e570152,ABI CN BREWDAT MGMT,3ace8aaf-4388-4459-9c59-9f66d01b1607,NA,NA,NA,,,,,,,,,,,,,,
ad3fade0-196f-43e5-b06d-679c6dbbcff6,ABI CN Shared NON-PROD,3ace8aaf-4388-4459-9c59-9f66d01b1607,NA,NA,NA,,,,,,,,,,,,,,
299835ca-232c-4697-9600-2f5d80130280,ABI CN BREWDAT,3ace8aaf-4388-4459-9c59-9f66d01b1607,NA,NA,NA,,,,,,,,,,,,,,
30b7b23e-9325-4407-b613-610457afe869,ABI CN PROD,3ace8aaf-4388-4459-9c59-9f66d01b1607,NA,NA,NA,,,,,,,,,,,,,,
e91e83f4-9d04-4f64-8d0c-2af309ce2117,ABI CN SupplyChain NON-PROD,3ace8aaf-4388-4459-9c59-9f66d01b1607,NA,NA,NA,,,,,,,,,,,,,,
f0445692-51af-4588-8a0d-e229f3549009,ABI CN SupplyChain PROD,3ace8aaf-4388-4459-9c59-9f66d01b1607,NA,NA,NA,,,,,,,,,,,,,,
2b05e8d2-fedb-4dc6-b720-03d4d1cfe5fd,ABI CN Shared PROD,3ace8aaf-4388-4459-9c59-9f66d01b1607,NA,NA,NA,,,,,,,,,,,,,,
1ee97cab-b88c-4b45-8dd2-fcce6526bc19,OBD@TC,45fb5318-657c-4477-90bb-8dadb53e011f,Daimler Trucks and Buses (China) Ltd,V5702202S0060,yang.qiu@daimlertruck.com,,,,,,,,,,,,,,
a14acaa1-2f80-46f1-9c56-da207ebddf4d,FD@TC,45fb5318-657c-4477-90bb-8dadb53e011f,Daimler Trucks and Buses (China) Ltd,V5702202S0060,yang.qiu@daimlertruck.com,,,,,,,,,,,,,,
9a7f160f-0b70-43d0-8663-7c20652c7faf,WINDOWS AZURE 内部消耗,532f150d-3f87-4ae0-9279-dae3d5d1b756,NA,NA,NA,,,,,,,,,,,,,,
ccb38a72-de90-448d-9848-9f7d35a80b5d,DATABRICKS MOONCAKE STAGING (DONT CREATE WORKSPACES HERE),80e1bfe7-c902-4049-899c-d64cb72b8446,NA,NA,NA,,,,,,,,,,,,,,
0f9da865-deb9-420f-baea-df89d4866e08,DATABRICKS PROD SECFOOD MOONCAKE,80e1bfe7-c902-4049-899c-d64cb72b8446,NA,NA,NA,,,,,,,,,,,,,,
4ba45edf-cc9a-4c1d-a0fb-80d03b417456,DATABRICKS MOONCAKE LOGFOOD (DONT CREATE WORKSPACES HERE),80e1bfe7-c902-4049-899c-d64cb72b8446,NA,NA,NA,,,,,,,,,,,,,,
431cd430-a4eb-465e-a378-2fa6080063ff,NON-PRODUCTION,bd9ae6e6-43c1-46d4-9c5f-97b8a1a1aaa5,"Coca-Cola Beverages (Shanghai) Co., Ltd",V5702405S0118,etfei@coca-cola.com,ethu@coca-cola.com,jalv@coca-cola.com,phzeng-c-@coca-cola.com,robxiao@coca-cola.com,,,,,,,,,,
68cbae8a-0ad0-4f1d-ad06-b5b759a3866e,PRODUCTION,bd9ae6e6-43c1-46d4-9c5f-97b8a1a1aaa5,"Coca-Cola Beverages (Shanghai) Co., Ltd",V5702405S0118,etfei@coca-cola.com,ethu@coca-cola.com,jalv@coca-cola.com,phzeng-c-@coca-cola.com,robxiao@coca-cola.com,,,,,,,,,,
9ac0e2d0-26e7-4423-a31e-928cfbbc0b17,CHINA-NON-PRODUCTION,bd9ae6e6-43c1-46d4-9c5f-97b8a1a1aaa5,"Coca-Cola Beverages (Shanghai) Co., Ltd",V5702405S0118,etfei@coca-cola.com,ethu@coca-cola.com,jalv@coca-cola.com,phzeng-c-@coca-cola.com,robxiao@coca-cola.com,,,,,,,,,,
51719844-e53f-4dfc-8b07-8c412667c05c,CHINA-PRODUCTION,bd9ae6e6-43c1-46d4-9c5f-97b8a1a1aaa5,"Coca-Cola Beverages (Shanghai) Co., Ltd",V5702405S0118,etfei@coca-cola.com,ethu@coca-cola.com,jalv@coca-cola.com,phzeng-c-@coca-cola.com,robxiao@coca-cola.com,,,,,,,,,,
a1fc4d92-3628-4757-943a-73e4716bf01e,AZURE DATABRICKS MOONCAKE RP,314ebbe8-5040-43de-9259-9b139d098239,NA,NA,NA,,,,,,,,,,,,,,
8265df78-e58b-453c-abb6-dec36b999d61,CSI_HHS_PROD_MOONCAKE,314ebbe8-5040-43de-9259-9b139d098239,NA,NA,NA,,,,,,,,,,,,,,
ff28291e-fe84-4706-a099-0c5832f4e9a8,DATABRICKS MOONCAKE BILLING USAGE PIPELINE,314ebbe8-5040-43de-9259-9b139d098239,NA,NA,NA,,,,,,,,,,,,,,
160a6756-3240-4ad3-803d-a96e2b455e5b,WINDOWS AZURE INTERNAL CONSUMPTION,314ebbe8-5040-43de-9259-9b139d098239,NA,NA,NA,,,,,,,,,,,,,,
5ef7660f-d053-49b3-97ab-9ea8853c1e93,ROME ILDC - DETECTION PROD - MOONCAKE,314ebbe8-5040-43de-9259-9b139d098239,NA,NA,NA,,,,,,,,,,,,,,
d98bb810-9a48-4a52-88b7-66621424b149,MOONCAKE-PROD-SYSTEM-TABLES,314ebbe8-5040-43de-9259-9b139d098239,NA,NA,NA,,,,,,,,,,,,,,
35571e06-fcfe-490b-bfab-80d68804b73a,ROME ILDC - TEAMX MC STAGE,314ebbe8-5040-43de-9259-9b139d098239,NA,NA,NA,,,,,,,,,,,,,,
47d1904c-edaf-4d22-b1fb-2fa8a53f9998,AZURE DATABRICKS MOONCAKE DB PROD,314ebbe8-5040-43de-9259-9b139d098239,NA,NA,NA,,,,,,,,,,,,,,
1362576a-a4ca-4b27-9f16-e03f01bd02cf,JV2 - Data Solutions,33904044-2ebb-4344-91e8-990d0cdcc9aa,NA,NA,NA,,,,,,,,,,,,,,
46b9128c-a6aa-4934-a779-4739fd8a681c,JV2 - Data Solutions - Dev,33904044-2ebb-4344-91e8-990d0cdcc9aa,NA,NA,NA,,,,,,,,,,,,,,
fe97144a-1bea-4e81-b2e8-9db841790319,WINDOWS AZURE INTERNAL CONSUMPTION,4265d58a-1818-47a5-94ad-b248644e1a09,NA,NA,NA,,,,,,,,,,,,,,
a9ab5e84-fe8b-49d9-bfde-887d80b0bc1d,WINDOWS AZURE INTERNAL CONSUMPTION,4265d58a-1818-47a5-94ad-b248644e1a09,NA,NA,NA,,,,,,,,,,,,,,
a086d41d-52a5-4a64-b116-d92bb3cf846d,N/A,7185b79e-5698-48df-8f16-5939a6b6e672,NA,NA,NA,,,,,,,,,,,,,,
2f82de0f-f236-4e28-a9a7-58f5d2e8ce4c,WINDOWS AZURE 内部消耗,39b70326-b13d-40dc-b1ce-00559d4f4619,NA,NA,NA,,,,,,,,,,,,,,
c1708cee-008d-423f-830c-5baa53ecf690,WINDOWS AZURE 内部消耗,766773dd-a37b-433a-ba5d-b7eb4978bbf3,NA,NA,NA,,,,,,,,,,,,,,
e24a6864-0f2b-4094-8100-b8ddd9264857,N/A,b680975c-431c-46f2-be64-fe6a35e9a4f8,NA,NA,NA,,,,,,,,,,,,,,
71ec4935-61a5-48bd-a1ee-d1fd505e2d89,WINDOWS AZURE 内部消耗,b680975c-431c-46f2-be64-fe6a35e9a4f8,NA,NA,NA,,,,,,,,,,,,,,
a3af152f-4a4e-4e26-a9e3-e95e704a15f0,Windows Azure Enterprise,62c041e9-a931-46bb-87fb-c1ceb742228d,NA,NA,NA,,,,,,,,,,,,,,
5bd2a307-150a-4569-97a5-05de2e89b371,标准预付费服务(Converted to EA)-DATALAKE,8e949fbb-981a-4078-aed5-c9fa084847b5,NA,NA,NA,,,,,,,,,,,,,,
131a5960-5167-413c-a20d-e6620074e018,EP GROUP WINDOWS AZURE 01,cdd6b031-aa3d-4e4e-bd83-3c135b57bd79,北京伟仕云安科技有限公司,V5702412S0248,an.jing@vstecs.com,qian.zhang4@vstecs.com,yanzhi.zhang@vstecs.com,,,,,,,,,,,,
0331626a-e221-451e-bb94-511cfa5b7621,WINDOWS AZURE 企业,65a932bf-bcad-4e75-b84c-149589ac50ef,北京上北智信科技有限公司,V5702307S0417,huqianqian@sharewinfo.com,jcui@sharewinfo.com,zhangtao@sharewinfobi.onmicrosoft.com,,,,,,,,,,,,
d251b9c7-3edd-42cd-9ab1-b25e6731ed85,Windows Azure Company,6d517c41-6108-4e3e-8c01-4c1618ea3431,NA,NA,NA,,,,,,,,,,,,,,
c4c6baaa-7b6b-493b-b15d-16fb507d65d6,WINDOWS AZURE INTERNAL CONSUMPTION,aa10985f-ce20-46c0-8831-2cc55dd4c0fd,NA,NA,NA,,,,,,,,,,,,,,
61dab272-1114-4f13-a902-9287ad64bff0,Windows Azure PBITest,b59b98ea-f25b-4f18-ab9d-772ee33faee0,NA,NA,NA,,,,,,,,,,,,,,
9e519708-c5c3-466c-8ebd-660b848ae14c,CZ SSCCN - China - eVa China Prod,0d75b936-9a9e-461d-a9fb-c16b08f0dead,NA,NA,NA,,,,,,,,,,,,,,
a303d7b0-ae0a-4001-a7aa-765a1d9422a3,CZ SSCCN - China - eVa China Dev,0d75b936-9a9e-461d-a9fb-c16b08f0dead,NA,NA,NA,,,,,,,,,,,,,,
51a60620-5649-4eba-a3c6-b083a961659f,CZ SSCCN - China - eVa China Sbx,0d75b936-9a9e-461d-a9fb-c16b08f0dead,NA,NA,NA,,,,,,,,,,,,,,
5a8581b7-b48d-4102-aaa3-de8d17eebb59,CZ SSCCN - China - eVa Data Landing Zone1 DEV,0d75b936-9a9e-461d-a9fb-c16b08f0dead,NA,NA,NA,,,,,,,,,,,,,,
70ec43ea-5be9-431f-90db-716a535f1187,CZ SSCCN - China - eVa Data Landing Zone1 PROD,0d75b936-9a9e-461d-a9fb-c16b08f0dead,NA,NA,NA,,,,,,,,,,,,,,
6904afc8-f920-4be2-ae7e-1ee9627af5ad,CZ SSCCN - China - eVa Data Catalog Non Prod,0d75b936-9a9e-461d-a9fb-c16b08f0dead,NA,NA,NA,,,,,,,,,,,,,,
b8a97eeb-5ac3-4dcd-bcad-daf48ba54b7d,CZ SSCCN -ZDP.cn Refractive Patient Education,0d75b936-9a9e-461d-a9fb-c16b08f0dead,NA,NA,NA,,,,,,,,,,,,,,
06b1601b-e53f-470d-94b3-527fa4177b30,CZ SSCCN - China - eVa Data Landing Zone1 STAGE,0d75b936-9a9e-461d-a9fb-c16b08f0dead,NA,NA,NA,,,,,,,,,,,,,,
b437f056-9c37-4b0d-88d6-e830587473b3,CZ SSCCN - China - eVa Data Landing Zone2 DEV,0d75b936-9a9e-461d-a9fb-c16b08f0dead,NA,NA,NA,,,,,,,,,,,,,,
e8e6b4c2-56b2-4208-978b-e32cac1af286,SUBSCCPRD,7d5888f4-9788-4f25-ab3d-4cd88c38ece4,NA,NA,NA,,,,,,,,,,,,,,
0a4e3c1c-505e-4b07-ab33-3e3c94f89e1e,SUBSCCDEV,7d5888f4-9788-4f25-ab3d-4cd88c38ece4,NA,NA,NA,,,,,,,,,,,,,,
8f72ae61-f83d-4dfe-afa0-2282c925f6e7,[MC-CN-DNAI] YUANYUAN.CHEN (YUANYUANCHEN),904796b9-b85d-44ab-b72c-20f16bf35fd0,NA,NA,NA,,,,,,,,,,,,,,
2ae0a94f-546c-421a-a66e-2b41b0743e4d,[MC-CN-DNAI] SAM.ZHAO (XUZH),904796b9-b85d-44ab-b72c-20f16bf35fd0,NA,NA,NA,,,,,,,,,,,,,,
1f0ed1e5-b8ed-4ef8-a9b6-b65ffc80350e,[MC-CN-VMSCIM] BRUCE.PAN (CHPA),904796b9-b85d-44ab-b72c-20f16bf35fd0,NA,NA,NA,,,,,,,,,,,,,,
a2d06eab-dc73-4da9-a9b7-317eaa43bd08,[MC-CN-NET] YU.GAO (YUGAO1),904796b9-b85d-44ab-b72c-20f16bf35fd0,NA,NA,NA,,,,,,,,,,,,,,
5e57f62e-8d62-4a9a-9522-b4c34734f897,[MC-CN-DNAI] SHI.TANG (SHITA),904796b9-b85d-44ab-b72c-20f16bf35fd0,NA,NA,NA,,,,,,,,,,,,,,
86572b37-5a16-4f96-a486-395f88cc654d,[MC-CN-DNAI] QIAOJUN.LI (QIAOJUNLI),904796b9-b85d-44ab-b72c-20f16bf35fd0,NA,NA,NA,,,,,,,,,,,,,,
7763c791-40d7-418a-84f1-6232a361ed0d,[MC-CN-DNAI] JERRY.HE(JINLH),904796b9-b85d-44ab-b72c-20f16bf35fd0,NA,NA,NA,,,,,,,,,,,,,,
8650d1cb-b941-40a4-a1ba-8a9c72db9b3d,[MC-CN-DNAI] HONGWEI.GUO (HONGUO),904796b9-b85d-44ab-b72c-20f16bf35fd0,NA,NA,NA,,,,,,,,,,,,,,
44da998c-591e-4803-8403-d6529e3ad806,[MC-CN-PAAS] MICHELLE.WANG (SHUOWANG),904796b9-b85d-44ab-b72c-20f16bf35fd0,NA,NA,NA,,,,,,,,,,,,,,
b2897685-7c0d-4cf2-ac14-90e860da0f39,[MC-CN-NET] XIAOHAN.YUAN (XIAOHANYUAN),904796b9-b85d-44ab-b72c-20f16bf35fd0,NA,NA,NA,,,,,,,,,,,,,,
9cc9c376-7f46-47ce-8144-e06fc2755286,[MC-CN-DNAI] JASON.WANG (ZHENGWANG),904796b9-b85d-44ab-b72c-20f16bf35fd0,NA,NA,NA,,,,,,,,,,,,,,
9ee035f9-b056-4a68-8553-d4ae4a8e0855,[MC-CN-DNAI] ALICE.ZHANG (ALICEZHANG),904796b9-b85d-44ab-b72c-20f16bf35fd0,NA,NA,NA,,,,,,,,,,,,,,
47a733a8-5f9e-44b7-b608-272a6526278b,[MC-CN-NET] KE.WU (KEWU),904796b9-b85d-44ab-b72c-20f16bf35fd0,NA,NA,NA,,,,,,,,,,,,,,
700f5094-60b4-454d-b63a-b8672d1aa95a,[MC-CN-DNAI] KEVIN.HUANG (KEVINHUANG),904796b9-b85d-44ab-b72c-20f16bf35fd0,NA,NA,NA,,,,,,,,,,,,,,
968fea06-b479-458d-a593-d666103e390e,[MC-CN-VMSCIM] SUSAN.WANG (YIWANG3),904796b9-b85d-44ab-b72c-20f16bf35fd0,NA,NA,NA,,,,,,,,,,,,,,
f5a4e8f5-21ed-4222-829f-7630e0b72e57,[MC-CN-PAAS] YUKI.ZHANG(YUJINGZHANG),904796b9-b85d-44ab-b72c-20f16bf35fd0,NA,NA,NA,,,,,,,,,,,,,,
fdcb27da-91d5-4223-b967-85cfbc459a75,[MC-CN-DNAI] BAIJUN.LI (BAILI),904796b9-b85d-44ab-b72c-20f16bf35fd0,NA,NA,NA,,,,,,,,,,,,,,
7d9aa9e0-6513-4c70-a57a-c00f601ebce8,[MC-CN-VMSCIM] SHANSHAN.YAN (SHANSHANYAN),904796b9-b85d-44ab-b72c-20f16bf35fd0,NA,NA,NA,,,,,,,,,,,,,,
758298b6-406e-4c3f-8a1a-9fb2d22a2795,[MC-CN-DNAI] BO.ZHAO(ZHAOBO),904796b9-b85d-44ab-b72c-20f16bf35fd0,NA,NA,NA,,,,,,,,,,,,,,
7e0e1b0e-b158-410a-aee2-a4d91c739d55,[MC-CN-DNAI] SEEYA.XI (SEEYAXI),904796b9-b85d-44ab-b72c-20f16bf35fd0,NA,NA,NA,,,,,,,,,,,,,,
d08d8f68-780c-4608-b3e0-4f03dd28d794,VACANT PREVIOUS HANZHANG3,904796b9-b85d-44ab-b72c-20f16bf35fd0,NA,NA,NA,,,,,,,,,,,,,,
3cf9c09f-77f6-4520-ac37-bf5b54ae7aa9,[MC-CN] FOR READINESS MOCK CASE (WEIYIHU),904796b9-b85d-44ab-b72c-20f16bf35fd0,NA,NA,NA,,,,,,,,,,,,,,
5cc33f2d-1635-4c80-8395-8a1a613beaab,VACANT PREVIOUS PENGLV,904796b9-b85d-44ab-b72c-20f16bf35fd0,NA,NA,NA,,,,,,,,,,,,,,
12914d2b-4ec8-45f3-b5ca-9025754d6c9b,N/A,904796b9-b85d-44ab-b72c-20f16bf35fd0,NA,NA,NA,,,,,,,,,,,,,,
6eb6b8ce-77a9-4d79-a2d1-b0306854dae0,[MC-CN-DNAI] MIKI.GENG (ZHIMENGGENG),904796b9-b85d-44ab-b72c-20f16bf35fd0,NA,NA,NA,,,,,,,,,,,,,,
137f9ce9-8e58-4e51-98f1-6eb10cb2318d,[MC-CN] FRANCES.HU (WEIYIHU),904796b9-b85d-44ab-b72c-20f16bf35fd0,NA,NA,NA,,,,,,,,,,,,,,
3eb78358-f029-4f04-bc9c-940660f85f6b,[MC-CN-NET] YUNJIA.GE (YUGE),904796b9-b85d-44ab-b72c-20f16bf35fd0,NA,NA,NA,,,,,,,,,,,,,,
ecb0262d-f020-437d-a16a-c471c007ecdd,[MC-NOAM] RUNZE GUO (V-RUNZEGUO),904796b9-b85d-44ab-b72c-20f16bf35fd0,NA,NA,NA,,,,,,,,,,,,,,
ee4fafa8-0c24-4bf9-8ed4-58325f73a3b6,VACANT PREVIOUS ETHANYU,904796b9-b85d-44ab-b72c-20f16bf35fd0,NA,NA,NA,,,,,,,,,,,,,,
a3a1fb9a-4255-40b2-859f-16becae8372e,[MC-CN-VMSCIM] BOB.SUN (JIABSU),904796b9-b85d-44ab-b72c-20f16bf35fd0,NA,NA,NA,,,,,,,,,,,,,,
f8bfc388-e043-42e4-9cc1-cad74cde5b49,[MC-CN-PAAS] HONGMING.PU (HONGMINGPU),904796b9-b85d-44ab-b72c-20f16bf35fd0,NA,NA,NA,,,,,,,,,,,,,,
a7aef648-3d68-4cf0-8c8c-a6eefc80cc1a,[MC-CN-DNAI] JOE.DENG (YAOYUDENG),904796b9-b85d-44ab-b72c-20f16bf35fd0,NA,NA,NA,,,,,,,,,,,,,,
c4013028-2728-46b8-acf1-e397840c4344,[MC-CN-VMSCIM] EDDIE.DAI (EDDIEDAI),904796b9-b85d-44ab-b72c-20f16bf35fd0,NA,NA,NA,,,,,,,,,,,,,,
81e810dc-f084-4f14-ae04-cc61d110a86d,VACANT PREVIOUS QINGBOJIN,904796b9-b85d-44ab-b72c-20f16bf35fd0,NA,NA,NA,,,,,,,,,,,,,,
aacc52b0-33ef-45e4-9c10-c8b6a4fdc8ed,[MC-CN-DNAI] ELLA.LI (HUIJUANLI),904796b9-b85d-44ab-b72c-20f16bf35fd0,NA,NA,NA,,,,,,,,,,,,,,
0fc25caf-97a6-4cb0-8d2b-57f3640f5b07,[MC-CN-DNAI] CHEN.CEN(CHENCEN),904796b9-b85d-44ab-b72c-20f16bf35fd0,NA,NA,NA,,,,,,,,,,,,,,
877b33ea-ba2b-4bea-8df3-f194b5e4c54e,[MC-CN-DNAI] MICHELLE.LI (YALI7),904796b9-b85d-44ab-b72c-20f16bf35fd0,NA,NA,NA,,,,,,,,,,,,,,
3dcff504-af4b-43f5-85c6-f38226cb107b,VACANT PREVIOUS STANLEYHUANG,904796b9-b85d-44ab-b72c-20f16bf35fd0,NA,NA,NA,,,,,,,,,,,,,,
51ee321a-9ad4-479b-8913-1955daa50948,[MC-CN-DNAI] VINCY.TIAN (WENXITIAN),904796b9-b85d-44ab-b72c-20f16bf35fd0,NA,NA,NA,,,,,,,,,,,,,,
768fe3ec-a741-46be-8ed9-18cab0e42476,[MC-CN-DNAI] TIM.HOU (TIMHOU),904796b9-b85d-44ab-b72c-20f16bf35fd0,NA,NA,NA,,,,,,,,,,,,,,
4c93425b-5bf6-4192-97e1-ef576095aee5,[MC-CN-DNAI] XINRAN.TAO (TAOXINRAN),904796b9-b85d-44ab-b72c-20f16bf35fd0,NA,NA,NA,,,,,,,,,,,,,,
90b7dc34-f287-4964-8119-cca776f1e476,[MC-CN-DNAI] YANQING.GUO (YANQINGGUO),904796b9-b85d-44ab-b72c-20f16bf35fd0,NA,NA,NA,,,,,,,,,,,,,,
c8f38693-43f1-41ee-99c5-3392e9af8d9a,[MC-CN-DNAI] POD DB (ZHIMENGGENG),904796b9-b85d-44ab-b72c-20f16bf35fd0,NA,NA,NA,,,,,,,,,,,,,,
e472bee3-f471-468e-97c4-10df2f4d52a9,[MC-CN-DNAI] HERAN.ZHAO (HENRYZHA),904796b9-b85d-44ab-b72c-20f16bf35fd0,NA,NA,NA,,,,,,,,,,,,,,
9217fdaa-5962-4397-9cca-74cbe1baddba,[MC-CN-DNAI] LEI.XU (XLEI),904796b9-b85d-44ab-b72c-20f16bf35fd0,NA,NA,NA,,,,,,,,,,,,,,
8c284c9c-33a8-4c38-888c-66dfb2b02e96,[MC-CN-DNAI] BINWEI.NI (BINWEINI),904796b9-b85d-44ab-b72c-20f16bf35fd0,NA,NA,NA,,,,,,,,,,,,,,
6fb992a2-33cf-4e3a-9741-217898c17056,FMC-CDC-Data-Workbench-Dev,b8f1a1d9-33d2-49ef-b595-3398bef3723d,NA,NA,NA,,,,,,,,,,,,,,
4e5d02a6-ee31-414a-91eb-5d1d020cd5ec,N/A,ccda5a1b-57e2-488d-b3d7-c0eca6f70c13,NA,NA,NA,,,,,,,,,,,,,,
6eac4387-19e4-4d3a-8c95-02d958b24c18,SkyChina Prod,e126fec9-3c21-4ad9-bf8e-fb54c91c2131,NA,NA,NA,,,,,,,,,,,,,,
06416ee4-aa75-452b-8acb-151711f67aaf,Demo_Airline_DMA,e126fec9-3c21-4ad9-bf8e-fb54c91c2131,NA,NA,NA,,,,,,,,,,,,,,
b43bf54f-cb2d-4b5a-94e3-9225276642c7,Airline CQH,e126fec9-3c21-4ad9-bf8e-fb54c91c2131,NA,NA,NA,,,,,,,,,,,,,,
fd19f813-209e-4022-a414-ea6f2dd37a42,WINDOWS AZURE 企业,9199c267-3d6a-4272-9bb3-48e4984fd806,中建材信息技术股份有限公司,V5702510S0189,renchangfu@cnbmtech.com,,,,,,,,,,,,,,
32a444b1-7ad1-4d44-8834-8e4a12cda2aa,Subscription C,a991a30b-0f7c-450d-b820-b1bbeba23128,NA,NA,NA,,,,,,,,,,,,,,
15743532-68ce-4ec7-b80a-1b3756d15644,订阅 Chloe,a991a30b-0f7c-450d-b820-b1bbeba23128,NA,NA,NA,,,,,,,,,,,,,,
e8a988cc-3097-4922-8ca0-499b8605291a,BSH-CN-Logistics-Analytic-Center,c436a58c-d012-4f13-aae9-f3d413b3ee25,NA,NA,NA,,,,,,,,,,,,,,
5754939e-77f4-43ef-9448-764769772be0,Azure云服务器服务(Converted to EA),e51472a3-e36c-415a-a011-0e7d5f7b76a1,NA,NA,NA,,,,,,,,,,,,,,
b2a1e255-de86-43c0-8923-c82eb3eec763,MOONCAKE AIR,e7ded8dd-e91a-4a56-b726-dc9e4a583825,NA,NA,NA,,,,,,,,,,,,,,
505492e7-58f0-4826-94e8-008e8d6c7d6f,DATABRICKS MOONCAKE PROD TEST WORKSPACES,24c5eb9b-4ed5-43e0-9d51-a561eb8cd556,NA,NA,NA,,,,,,,,,,,,,,
a1e83e37-118f-41bb-9361-27d9604e5ada,KW-MOONCAKE-DATABRICKSTEST,24c5eb9b-4ed5-43e0-9d51-a561eb8cd556,NA,NA,NA,,,,,,,,,,,,,,
8d88ec7c-9d30-466e-8cad-82dc4a5b3ec9,DATABRICKS MOONCAKE FIELD TEST,24c5eb9b-4ed5-43e0-9d51-a561eb8cd556,NA,NA,NA,,,,,,,,,,,,,,
3a9fedc2-f494-484d-a600-b3f2494548d2,AZURE-MOONCAKE-PROD-PROBING,24c5eb9b-4ed5-43e0-9d51-a561eb8cd556,NA,NA,NA,,,,,,,,,,,,,,
616e1d89-2c17-4049-bf07-72b034de0665,AZURE DATABRICKS MOONCAKE DEVELOPMENT,24c5eb9b-4ed5-43e0-9d51-a561eb8cd556,NA,NA,NA,,,,,,,,,,,,,,
3543b178-3aa4-40dc-8b56-10138ebc6826,KW-MOONCAKE-DATABRICKSTEST-BUGTEST5,24c5eb9b-4ed5-43e0-9d51-a561eb8cd556,NA,NA,NA,,,,,,,,,,,,,,
8eb85b24-1178-4331-a54a-54373bbb009f,DATABRICKS MOONCAKE PROD GENEVA MSFT TENANT,24c5eb9b-4ed5-43e0-9d51-a561eb8cd556,NA,NA,NA,,,,,,,,,,,,,,
3c9876f9-96ff-4d2d-889a-1c20746016e1,DATABRICKS MOONCAKE DEV TEST WORKSPACES,24c5eb9b-4ed5-43e0-9d51-a561eb8cd556,NA,NA,NA,,,,,,,,,,,,,,
cd51e940-227e-464a-8e20-d7fd33b9ac73,PCN D365,e3d215bd-0bfd-4b58-a3ab-240ffaeae64c,NA,NA,NA,,,,,,,,,,,,,,
56a92656-4cef-4d08-a0ed-a8ef1fba4e3d,o2o+Fresh - Windows Azure Enterprise,6ad829c9-c964-4180-b7ac-379e8f5788b8,NA,NA,NA,,,,,,,,,,,,,,
94de6e67-42c5-4b48-9adc-10c6ad712dff,TOG-WASUOPS,b94f3c8a-2757-4540-a877-47865c198d39,上海埃治慷内科技有限公司,V5702308S0464,chen.haiyun@oe.21vianet.com,sun.xiao5@oe.21vianet.com,,,,,,,,,,,,,
5c6e0c22-fbda-48c5-998a-2d12d3d5ec7f,WINDOWS AZURE INTERNAL CONSUMPTION,f7bf7745-3c69-4afb-b9f4-77866a6e60e6,NA,NA,NA,,,,,,,,,,,,,,
0c51d0a1-bd08-43af-b21f-af793d7438ce,MAGELLAN DATA PLATFORM,fa8a76b6-859a-4ee3-b1eb-4d669f8f0c1a,联想（北京）有限公司,V5702509S0150,wangning38@lenovo.com,yangfc1@lenovo.com,,,,,,,,,,,,,
754864cf-e31c-47fa-bfdf-bb88dcc0e0bd,WINDOWS AZURE INTERNAL CONSUMPTION,5cddd1f8-de37-46f4-ac4d-fd00626fa82e,NA,NA,NA,,,,,,,,,,,,,,
2b747e5a-7586-419a-a167-5e8d20c3403a,LOCK SCREEN ADS - LOCAL,7eb6c07f-64a4-4347-a641-bdb7ccc5b328,NA,NA,NA,,,,,,,,,,,,,,
a3c697bd-e9e8-47a2-9b28-86990f1d43b7,WINDOWS AZURE 内部消耗,7eb6c07f-64a4-4347-a641-bdb7ccc5b328,NA,NA,NA,,,,,,,,,,,,,,
c95304a8-7e51-4c48-9870-50bb20182ac8,WORKSPACERP - RUNNER RESOURCE CREATION - MOONCAKE,7eb6c07f-64a4-4347-a641-bdb7ccc5b328,NA,NA,NA,,,,,,,,,,,,,,
f288ebed-4478-4fe4-af50-56f2c530f6f5,WINDOWS AZURE INTERNAL CONSUMPTION,7eb6c07f-64a4-4347-a641-bdb7ccc5b328,NA,NA,NA,,,,,,,,,,,,,,
0450a14b-8b32-4895-bc23-688ecb7c9e3d,Windows Azure Enterprise - Lululemon,857c41d8-d1f0-4329-a502-0f660cb87de2,NA,NA,NA,,,,,,,,,,,,,,
ac230c86-38a6-4cf6-aade-e1f99933d195,CDP UAT Subscription,ccd8aa81-89c0-462f-bcaa-09220a287914,NA,NA,NA,,,,,,,,,,,,,,
6e7f16bc-0432-4880-acd8-e5d40a7cb19c,WINDOWS AZURE ENTERPRISE TRIAL(CONVERTED TO EA),16951a76-23be-4df6-a0cf-10ee6812f180,NA,NA,NA,,,,,,,,,,,,,,
d922dcf3-bcc6-4c5b-9212-21d305186c1f,VM-WASU (21V),322b44fa-4746-451d-bce7-1c9f0e7f8576,NA,NA,NA,,,,,,,,,,,,,,
86d19745-1e57-4bdf-be8d-c17e3792c594,ZHENG CHEN (21V),322b44fa-4746-451d-bce7-1c9f0e7f8576,NA,NA,NA,,,,,,,,,,,,,,
361ced67-f97e-4cce-b2bf-7f215726e030,DB-WANG ZHICHAO (21V),322b44fa-4746-451d-bce7-1c9f0e7f8576,NA,NA,NA,,,,,,,,,,,,,,
78df7407-a3a1-4a7c-9494-bb3055562dfe,DB-KONG BINBIN (21V),322b44fa-4746-451d-bce7-1c9f0e7f8576,NA,NA,NA,,,,,,,,,,,,,,
51b14e0c-505b-4ad8-b62c-62e3f8c27dcc,VM-ZHANG WENXIN(21V),322b44fa-4746-451d-bce7-1c9f0e7f8576,NA,NA,NA,,,,,,,,,,,,,,
4ce3c57b-ceee-41b2-8588-2ababd381b7a,DB-LIANG HAIBIN (21V),322b44fa-4746-451d-bce7-1c9f0e7f8576,NA,NA,NA,,,,,,,,,,,,,,
04b2769c-577b-4dd9-8650-eab54c04aaa1,DB-XIA RONG(21V),322b44fa-4746-451d-bce7-1c9f0e7f8576,NA,NA,NA,,,,,,,,,,,,,,
48005cc9-8069-4f08-a110-fcd36b6c3e7d,DB-LI HENG (21V),322b44fa-4746-451d-bce7-1c9f0e7f8576,NA,NA,NA,,,,,,,,,,,,,,
53621724-10de-4a6b-85f0-f8a78d823588,NET - JEFF (21V),322b44fa-4746-451d-bce7-1c9f0e7f8576,NA,NA,NA,,,,,,,,,,,,,,
e11ede9d-d74a-4590-b362-4e5c0b16dfa1,NET-HU MINGYUE (21V),322b44fa-4746-451d-bce7-1c9f0e7f8576,NA,NA,NA,,,,,,,,,,,,,,
9909ab6a-1115-4bed-833f-92db8f25f378,DB-CHEN YUHENG (21V),322b44fa-4746-451d-bce7-1c9f0e7f8576,NA,NA,NA,,,,,,,,,,,,,,
05f5513c-9195-4544-91ec-c53e61981d4e,DB-ZHU HONGFEI (21V),322b44fa-4746-451d-bce7-1c9f0e7f8576,NA,NA,NA,,,,,,,,,,,,,,
81b5ba0f-cc6b-4366-8716-e03c41e3462d,DB-HE ZIXUAN(21V),322b44fa-4746-451d-bce7-1c9f0e7f8576,NA,NA,NA,,,,,,,,,,,,,,
8d75550d-77d8-48ac-b247-bb0b3dbdbb9e,DB-FAN DONGZE (21V),322b44fa-4746-451d-bce7-1c9f0e7f8576,NA,NA,NA,,,,,,,,,,,,,,
1f2ffc2d-4f6a-4fea-b142-31ae337d6aad,DB-LI HONG (21V),322b44fa-4746-451d-bce7-1c9f0e7f8576,NA,NA,NA,,,,,,,,,,,,,,
2ab227d7-4c48-41ea-b7f5-fcfaaf9ad7d6,DB-ZHANG ZHENGJIAN(21V),322b44fa-4746-451d-bce7-1c9f0e7f8576,NA,NA,NA,,,,,,,,,,,,,,
19017a67-ea0a-4bb3-ae6f-2b14ce2199c8,PAAS-GAOHUILI (21V),322b44fa-4746-451d-bce7-1c9f0e7f8576,NA,NA,NA,,,,,,,,,,,,,,
a0b23e78-3cc5-4f7f-abce-4d261c207bb2,PAAS-FAN WEIYAN (21V),322b44fa-4746-451d-bce7-1c9f0e7f8576,NA,NA,NA,,,,,,,,,,,,,,
989c5df8-72c1-4342-b84a-54de6a4e196d,DB-ZHAO LIXIAN(21V),322b44fa-4746-451d-bce7-1c9f0e7f8576,NA,NA,NA,,,,,,,,,,,,,,
d02ead13-610a-4745-b4bc-a38c9869741c,NET-WANGSHUWEN(21V),322b44fa-4746-451d-bce7-1c9f0e7f8576,NA,NA,NA,,,,,,,,,,,,,,
413eb882-b134-4b64-b202-519e1fe3a994,DB-WU GUANGLIE (21V),322b44fa-4746-451d-bce7-1c9f0e7f8576,NA,NA,NA,,,,,,,,,,,,,,
5bbf0cbb-647d-4bd8-b4e6-26629f109bd7,CIETEST01 (21V),322b44fa-4746-451d-bce7-1c9f0e7f8576,NA,NA,NA,,,,,,,,,,,,,,
fe545a67-a74c-414c-a2d2-81a8c917c51b,DB-LIU SHUO (21V),322b44fa-4746-451d-bce7-1c9f0e7f8576,NA,NA,NA,,,,,,,,,,,,,,
c5c579af-5c92-4bb9-9fd1-fd5a28d0c73b,VM-BAI ZICHEN (21V),322b44fa-4746-451d-bce7-1c9f0e7f8576,NA,NA,NA,,,,,,,,,,,,,,
9d599fe0-1d86-4b6d-b20b-bba68e0ae026,BIG DATA,5e0e8f9a-8dc6-474c-b39d-bb0f3e45887f,NA,NA,NA,,,,,,,,,,,,,,
738b238c-d18b-4b67-98e2-2d514fcaa6ee,Nestle.Shenzhou-APEA-001-Exploration.SUB,66e533be-fecd-448f-ad1e-e0e7bcdc034a,NA,NA,NA,,,,,,,,,,,,,,
9552b075-86db-4fe1-901b-5b986936c3c6,Nestle.Managed-APEA-001-PROD.SUB,66e533be-fecd-448f-ad1e-e0e7bcdc034a,NA,NA,NA,,,,,,,,,,,,,,
3ac482b6-893e-4750-b5b8-0e94a3bd522c,Nestle.Shenzhou-APEA-001-PROD.SUB,66e533be-fecd-448f-ad1e-e0e7bcdc034a,NA,NA,NA,,,,,,,,,,,,,,
405d6029-17f7-4abb-90e7-0fe65ce17f9f,ngcr-pr-b2bsolutions-chn3-001-sub,66e533be-fecd-448f-ad1e-e0e7bcdc034a,NA,NA,NA,,,,,,,,,,,,,,
a157d284-5297-4b83-b91e-0284a3ab69ff,Nestle.CDP-APEA-002-PROD.SUB,66e533be-fecd-448f-ad1e-e0e7bcdc034a,NA,NA,NA,,,,,,,,,,,,,,
d0519591-d6e1-4c90-962f-9ef634099ff2,Nestle.CDP-APEA-001-PROD.SUB,66e533be-fecd-448f-ad1e-e0e7bcdc034a,NA,NA,NA,,,,,,,,,,,,,,
96076a18-c566-41af-aa23-b28602694a53,ngcr-np-b2bconnectedsolutions-chn3-001-sub,66e533be-fecd-448f-ad1e-e0e7bcdc034a,NA,NA,NA,,,,,,,,,,,,,,
baff9898-4fe0-40f9-932e-aa092cf1cff6,ngcr-pr-b2bconnectedsolutions-chn3-001-sub,66e533be-fecd-448f-ad1e-e0e7bcdc034a,NA,NA,NA,,,,,,,,,,,,,,
7f6dbceb-d16a-47ec-bbf3-123e92a6d10a,ngcr-pr-b2cconnectedsolutions-chn3-001-sub,66e533be-fecd-448f-ad1e-e0e7bcdc034a,NA,NA,NA,,,,,,,,,,,,,,
83b810f3-40c1-4a07-abdb-3ac1285b9c14,WINDOWS AZURE INTERNAL CONSUMPTION ORIGINAL,88c61585-b06c-418b-98d4-e0bc148741a9,NA,NA,NA,,,,,,,,,,,,,,
edce140a-68ad-49d6-a284-f4503bf3b565,N/A,a764014a-6e17-4604-b703-81b429980466,NA,NA,NA,,,,,,,,,,,,,,
63ba0bc8-50c9-4257-a899-065c603c6d6c,IS Infrastructure and Operations - Prod (0601),37969cfc-c9c2-4425-98b9-327c2a56a56c,NA,NA,NA,,,,,,,,,,,,,,
c4475a6f-1f83-42ab-b175-cf0b4ae9f79d,IS Infrastructure and Operations - Non Prod (0601),37969cfc-c9c2-4425-98b9-327c2a56a56c,NA,NA,NA,,,,,,,,,,,,,,
664d80c3-9a1e-48e5-b9c0-a25cabf76885,WINDOWS AZURE STU,5103a63b-bc36-48a7-866f-1f48195b075f,NA,NA,NA,,,,,,,,,,,,,,
d0360a78-e12c-4db1-b134-03bb2deb3c56,上海永耸信息科技有限公司,c7786ae3-a012-4957-a995-e699979e9648,上海市徐汇区人民政府,V5702306S0326,jinfj@inesa-lab.com,kw@xh.sh.cn,,,,,,,,,,,,,
44af4016-d519-433a-b4eb-6f78053dfa24,XTC,d6d65b54-02d2-403b-bf42-ffab3f91519b,NA,NA,NA,,,,,,,,,,,,,,
59a0352c-c52b-41d3-b629-d7c113bfd056,YIBOCHINA1,d843e6e5-d338-4e07-987c-de5b09aceb6c,NA,NA,NA,,,,,,,,,,,,,,
bac3e680-42a6-4e55-ab21-15d72fc65cd2,微软合规项目,057049d6-ced9-4135-95ec-5cef5bd63a57,NA,NA,NA,,,,,,,,,,,,,,
7f4c6885-9bfd-4594-9d23-1d8c1f82b093,CHINA AZURE INTERNAL CONSUMPTION,183aa2c0-d964-455c-a1d7-ff9cc9d9a9d8,NA,NA,NA,,,,,,,,,,,,,,
1b081744-5202-479e-b591-708f14364a86,WINDOWS AZURE INTERNAL CONSUMPTION,25008bc4-b8a0-4418-ad40-f528d990a446,NA,NA,NA,,,,,,,,,,,,,,
e1136f1e-1635-4588-938b-a271845c2ec4,cnn3-uat,7981a475-cd51-4735-8f5c-f320e5d5cc7f,NA,NA,NA,,,,,,,,,,,,,,
7300de52-5164-4c06-b055-048807d29117,cnn3-prod,7981a475-cd51-4735-8f5c-f320e5d5cc7f,NA,NA,NA,,,,,,,,,,,,,,
f6caa89b-3ba9-4804-8bcc-d5d2e67df653,cnn3-dev,7981a475-cd51-4735-8f5c-f320e5d5cc7f,NA,NA,NA,,,,,,,,,,,,,,
6210d7a6-c10d-46e3-a9a2-db6fb51423f9,CIANDT China Subscription(Converted to EA),8f07ca40-8502-4b61-bbfa-b1f9391a49cb,NA,NA,NA,,,,,,,,,,,,,,
b6f165ae-89f7-418c-a2f9-0817e93bb7ed,CN EDH PRD,9c4a5046-c78b-48b4-b768-f0ff0c44c1b4,NA,NA,NA,,,,,,,,,,,,,,
5c4c6e4f-6152-4ad8-9e6b-9899cc2f7011,CORPO-PIONEER_CHINA-NPD,9c4a5046-c78b-48b4-b768-f0ff0c44c1b4,NA,NA,NA,,,,,,,,,,,,,,
438e4a8e-6dc6-4964-ab22-6bba2b649e8c,CN EDH NPD,9c4a5046-c78b-48b4-b768-f0ff0c44c1b4,NA,NA,NA,,,,,,,,,,,,,,
2f9aec7d-bbb6-484e-af95-16bebf4c6f06,CORPO-PIONEER_CHINA-PRD,9c4a5046-c78b-48b4-b768-f0ff0c44c1b4,NA,NA,NA,,,,,,,,,,,,,,
594a94bc-e88e-4347-ac4c-6b7ec3c5fb2a,Windows Azure 企业,b7de7c0d-e159-4cd5-a253-8241ec1e4cf3,NA,NA,NA,,,,,,,,,,,,,,
593830ae-ea32-47fc-8b2b-4b5fe9f3882c,WINDOWS AZURE INTERNAL CONSUMPTION,20c26866-115e-4e40-a202-a0f035943ad5,NA,NA,NA,,,,,,,,,,,,,,
ff49f572-5c66-4752-928e-30cee783b741,ch-corp-cn-prod,644b1f7a-7347-42c8-bdd4-2865afc68a94,NA,NA,NA,,,,,,,,,,,,,,
6c3d23b6-3c32-4cc6-b6f6-36ac7aa14710,ch-corp-cn-uat,644b1f7a-7347-42c8-bdd4-2865afc68a94,NA,NA,NA,,,,,,,,,,,,,,
5fbb1b7f-315e-4c7b-8230-db89f7a1e7c5,ch-corp-cn-dev,644b1f7a-7347-42c8-bdd4-2865afc68a94,NA,NA,NA,,,,,,,,,,,,,,
ca56843b-d9a8-414b-a92e-6923002c0f3b,ch-corp-cn-dos-prod,644b1f7a-7347-42c8-bdd4-2865afc68a94,NA,NA,NA,,,,,,,,,,,,,,
28e57d01-e90d-49e6-ad1e-f4cf8129391a,ch-corp-cn-dos-devtest,644b1f7a-7347-42c8-bdd4-2865afc68a94,NA,NA,NA,,,,,,,,,,,,,,
f9f8ac7e-5b77-406b-8c40-aa82517dce58,ch-corp-cn-dos-uat,644b1f7a-7347-42c8-bdd4-2865afc68a94,NA,NA,NA,,,,,,,,,,,,,,
4c3bbe6e-9a4f-407d-9047-6bd8d2e77151,Windows Azure 企业,a2ace1b3-5911-400e-8e91-14142e062844,NA,NA,NA,,,,,,,,,,,,,,
0b66981c-74de-4b36-9ea0-514b880f9283,dams测试订阅,bb3cd433-ab6f-4bd9-9bd5-a0c3ad72d208,NA,NA,NA,,,,,,,,,,,,,,
f4324d5c-ec45-4490-89fb-749216ef7e99,dams正式订阅,bb3cd433-ab6f-4bd9-9bd5-a0c3ad72d208,NA,NA,NA,,,,,,,,,,,,,,
69174d4a-909a-43b9-91cc-ec86ede0b7bf,Liberty-CN-DataPlatform,e0435d88-89fa-4588-b482-a252a96e63f5,NA,NA,NA,,,,,,,,,,,,,,
daa99968-3b42-4400-b538-8d1f9e457b7f,AnalyticalEnvironment-PRD,f58e4a0e-4a13-4cea-91f7-8ecc2f803a5e,NA,NA,NA,,,,,,,,,,,,,,
9699b194-6a90-49b7-8ef2-f5783000ded6,N/A,f58e4a0e-4a13-4cea-91f7-8ecc2f803a5e,NA,NA,NA,,,,,,,,,,,,,,
0f9d6144-bc10-4364-80cb-d19765ff3c37,LocalPBI-PRD,f58e4a0e-4a13-4cea-91f7-8ecc2f803a5e,NA,NA,NA,,,,,,,,,,,,,,
6b76dec4-dec9-43bf-98e7-8fba7966753c,DAP-DEV,f58e4a0e-4a13-4cea-91f7-8ecc2f803a5e,NA,NA,NA,,,,,,,,,,,,,,
88e39f7d-09dc-4b59-9491-b1cbf00279fb,DAP-PRD,f58e4a0e-4a13-4cea-91f7-8ecc2f803a5e,NA,NA,NA,,,,,,,,,,,,,,
434b6e57-a144-4ae7-a008-f694830fd5fa,AnalyticalEnvironment-TST,f58e4a0e-4a13-4cea-91f7-8ecc2f803a5e,NA,NA,NA,,,,,,,,,,,,,,
3d1d8d87-ff39-4fab-a3ab-6cc9984f40c5,N/A,f58e4a0e-4a13-4cea-91f7-8ecc2f803a5e,NA,NA,NA,,,,,,,,,,,,,,
8cdd22a4-4e1b-486c-9eb6-34d6e09c3431,N/A,f58e4a0e-4a13-4cea-91f7-8ecc2f803a5e,NA,NA,NA,,,,,,,,,,,,,,
cd1bcafa-9927-4f9a-8e7d-dcf6af3ab839,DAP-TST,f58e4a0e-4a13-4cea-91f7-8ecc2f803a5e,NA,NA,NA,,,,,,,,,,,,,,
3911b69e-5f33-4b81-ac32-3023f62dbd92,WINDOWS AZURE INTERNAL CONSUMPTION,0116003e-621a-45cf-97d0-804e15497749,NA,NA,NA,,,,,,,,,,,,,,
9e8a9b10-70c9-46a0-a70a-8bf760849fc5,data-pro-cn,18825950-6814-470c-8b53-72d6b6fa7730,NA,NA,NA,,,,,,,,,,,,,,
6a0e4165-fce3-4fd6-a433-9b265c69efec,HANNOVER-DATAPLATFORM-POC,24331196-9bec-427b-8ad4-6710db758615,北京神州数码云计算有限公司,V5702501S0009,jinyja@digitalchina.com,liangyx1@digitalchina.com,,,,,,,,,,,,,
6e6ff92c-bc13-4a14-9f01-1af05ad3250b,POC,13a12274-6dff-431c-bf08-c7b718fcafaa,NA,NA,NA,,,,,,,,,,,,,,
17bfdf1f-d013-497c-81c4-f97bfafeab2d,ferrero-cn20-control tower poc,20741df4-6c1c-458f-a9d8-23e5dee98dd4,NA,NA,NA,,,,,,,,,,,,,,
19b3d4cb-ff3e-4b16-9ea9-95e8ef48d6c9,ferrero-cn20-cnct,20741df4-6c1c-458f-a9d8-23e5dee98dd4,NA,NA,NA,,,,,,,,,,,,,,
c30f9b89-b620-4279-99a7-a8c2dc0a1a08,AZRCN-NN-WebApp-PoC,3e788e80-1394-43ea-b11b-9f410f21ee28,NA,NA,NA,,,,,,,,,,,,,,
8aede301-9730-4268-9554-52fad5847d10,PURVIEW_MOONCAKE_CHINANORTH3_E2ETESTING,56253aad-d49b-4874-b59f-10540f8ea60b,NA,NA,NA,,,,,,,,,,,,,,
57d26156-ef23-45d9-940c-a5732e0fdbb8,PURVIEW_MOONCAKE_WORKFLOW_TIPS,56253aad-d49b-4874-b59f-10540f8ea60b,NA,NA,NA,,,,,,,,,,,,,,
7af3ad87-f2a4-47dc-8a54-3ff25eb328c2,N/A,7b1392d6-b22a-4e5f-9ae4-0c852f7ad695,NA,NA,NA,,,,,,,,,,,,,,
1dcb39fa-cf0f-4b39-bf8f-ae56cc30eff1,STORE_CHINA_DEV,847952f9-f74a-47e7-8416-288fcade3bda,NA,NA,NA,,,,,,,,,,,,,,
1b4e9e0f-942c-49cd-9d59-a4ca9a5f7cf4,CTC41-CARIAD.mega.cnnorth2-product-prod-harbin,cbcf060d-977d-4171-860e-206a5bd9b0d7,NA,NA,NA,,,,,,,,,,,,,,
0c60df2d-d256-46ea-9b0e-98101d661163,CSDDB-Central Data Platform-DEV,cbcf060d-977d-4171-860e-206a5bd9b0d7,NA,NA,NA,,,,,,,,,,,,,,
0307470b-3c45-41e9-baf0-8ca181e270d3,CTC41-CARIAD.mega.cnnorth2-product-prod-suzhou,cbcf060d-977d-4171-860e-206a5bd9b0d7,NA,NA,NA,,,,,,,,,,,,,,
0ad1f262-d985-4ec3-8ae0-c4b7eedd5755,Audi China General Service,cbcf060d-977d-4171-860e-206a5bd9b0d7,NA,NA,NA,,,,,,,,,,,,,,
a144c614-5d4b-4020-b749-1245b81cd69a,CTNP2-PMTNEWTOOLCHAIN-POC,cbcf060d-977d-4171-860e-206a5bd9b0d7,NA,NA,NA,,,,,,,,,,,,,,
36646bff-fbd2-4767-b27b-2fe786b5b15c,CSDDB-Central Data Platform,cbcf060d-977d-4171-860e-206a5bd9b0d7,NA,NA,NA,,,,,,,,,,,,,,
13e20a0f-2eab-4890-8c54-b1e9e2aa6aad,CTC41-CARIAD.mega.cnnorth2-product-dev-peking,cbcf060d-977d-4171-860e-206a5bd9b0d7,NA,NA,NA,,,,,,,,,,,,,,
ab6fa35a-353f-4f20-a979-da05a9e174e9,CTC41-DLCM-QA,cbcf060d-977d-4171-860e-206a5bd9b0d7,NA,NA,NA,,,,,,,,,,,,,,
9c382812-258a-4862-94fa-ae9e24f0c4c3,CTC41-VWAC Data KC-PROD,cbcf060d-977d-4171-860e-206a5bd9b0d7,NA,NA,NA,,,,,,,,,,,,,,
5a079640-9dd1-4049-94b6-bf12d81b83d0,CTC41-DLCM-Prod,cbcf060d-977d-4171-860e-206a5bd9b0d7,NA,NA,NA,,,,,,,,,,,,,,
4d0fd515-cfe3-40b0-8b51-153c07048cb9,CTC41-IDS PPE data forwarder-APP,cbcf060d-977d-4171-860e-206a5bd9b0d7,NA,NA,NA,,,,,,,,,,,,,,
86493dec-8492-4983-b354-6ce107cc1bba,CTC41-DLCM-Dev,cbcf060d-977d-4171-860e-206a5bd9b0d7,NA,NA,NA,,,,,,,,,,,,,,
4e509556-4ea3-4ff4-8164-4218293f3ce5,数仓,fe420291-627e-4343-8bf7-14cdd93cf0bc,NA,NA,NA,,,,,,,,,,,,,,
e07f04f0-fa81-48d1-927e-212f1beca349,GUYIN ZHOU MOONCAKE,d4bb81fd-8fcf-42cd-8c6b-29d5f4b10c97,NA,NA,NA,,,,,,,,,,,,,,
930c866e-6202-4903-967b-64004af751f9,gsk-rx-prod,dbcb5951-4cbc-4216-8249-a96bb8e4e638,NA,NA,NA,,,,,,,,,,,,,,
a7fdb3d7-bcb4-439b-9bc6-1f780baa0d6a,gsk-rd-uat,dbcb5951-4cbc-4216-8249-a96bb8e4e638,NA,NA,NA,,,,,,,,,,,,,,
25227d52-35d6-480c-aa37-746080c4e237,gsk-rx-uat,dbcb5951-4cbc-4216-8249-a96bb8e4e638,NA,NA,NA,,,,,,,,,,,,,,
d2ee847e-77ed-4e55-8ced-690795746ff9,gsk-psc-uat,dbcb5951-4cbc-4216-8249-a96bb8e4e638,NA,NA,NA,,,,,,,,,,,,,,
e92569c4-4c68-4801-afed-e145e9e78cbf,gsk-rx-dev,dbcb5951-4cbc-4216-8249-a96bb8e4e638,NA,NA,NA,,,,,,,,,,,,,,
1e8a30bb-157d-42b7-aa3f-ee1da7bae479,gsk-rd-dev,dbcb5951-4cbc-4216-8249-a96bb8e4e638,NA,NA,NA,,,,,,,,,,,,,,
77d41cf9-a358-4ecb-ac74-9111d7bec611,gsk-rd-prod,dbcb5951-4cbc-4216-8249-a96bb8e4e638,NA,NA,NA,,,,,,,,,,,,,,
3b2842a7-88cd-4df2-871f-e36aedc40b07,BPIT-CN,ebbd99e5-48fc-46ef-9bb6-017771362c84,安克创新科技股份有限公司,V5702304S0211,feigo.chi@anker-in.com,leon.luo@anker-in.com,manny.kang@anker-in.com,,,,,,,,,,,,
95ed2a0b-7676-407f-9f40-5a49bb08040e,CN-WAT-PROD,f30465d8-a0ec-43c5-9e32-dd9782db99bb,NA,NA,NA,,,,,,,,,,,,,,
c93cf75a-f5d2-464a-941f-b75cd0116e8c,CN-WAT-NONP,f30465d8-a0ec-43c5-9e32-dd9782db99bb,NA,NA,NA,,,,,,,,,,,,,,
8edc9f2d-4cee-481f-a24a-156bb829a6c6,ate_ccc_it_dp_China,fd5b706c-39ea-4374-9da2-23f07fd2bc0c,NA,NA,NA,,,,,,,,,,,,,,
d3fe2c03-6a2d-4b3b-86b5-555ed87a43ae,ate_ccc_Experimental_China,fd5b706c-39ea-4374-9da2-23f07fd2bc0c,NA,NA,NA,,,,,,,,,,,,,,
b86f3071-6c54-4edb-b12a-ac466dcce36f,ane_ccc_it_dp_China,fd5b706c-39ea-4374-9da2-23f07fd2bc0c,NA,NA,NA,,,,,,,,,,,,,,
a80544ba-3eee-4405-b6ca-1a75d0acca1d,BASF_SC_BIG-SCIP_PI_DEV,323ad41d-7537-467e-8d8c-a9b53bc43e72,NA,NA,NA,,,,,,,,,,,,,,
55b939a2-3e76-4df6-970a-c0b70a4131ab,BASF_SC_APA-SGI-CN_PI_DEV,323ad41d-7537-467e-8d8c-a9b53bc43e72,NA,NA,NA,,,,,,,,,,,,,,
9e97ce43-d54b-4b43-99b4-2af1f215b13e,BASF_SC_EDLLABSCN01_PI_PROD,323ad41d-7537-467e-8d8c-a9b53bc43e72,NA,NA,NA,,,,,,,,,,,,,,
2b3d4a0d-4d11-4e0b-aeae-ef048d180951,BASF_SC_ECPaintshop_PI_PROD,323ad41d-7537-467e-8d8c-a9b53bc43e72,NA,NA,NA,,,,,,,,,,,,,,
57460dbc-de17-494d-bcf6-9d5ab93aaf6f,BASF_SC_GC-RG-PLATFORM_PI_PROD,323ad41d-7537-467e-8d8c-a9b53bc43e72,NA,NA,NA,,,,,,,,,,,,,,
05ad7b2e-bd3c-47fa-b672-f69b9f27b82b,BASF_SC_GC-RG-PLATFORM_DMZ_Dev,323ad41d-7537-467e-8d8c-a9b53bc43e72,NA,NA,NA,,,,,,,,,,,,,,
9ac630d7-6529-4e72-9b66-a8d126fa00f4,[EoL] BASF_SC_Dlite3_PI_QUAL,323ad41d-7537-467e-8d8c-a9b53bc43e72,NA,NA,NA,,,,,,,,,,,,,,
f2da4344-9050-420e-9536-5c3721a24cb1,BASF_SC_EDLLABSCN02_PI_PROD,323ad41d-7537-467e-8d8c-a9b53bc43e72,NA,NA,NA,,,,,,,,,,,,,,
13baeea8-c9a5-4e48-bf51-1bc4958bbad3,BASF_SC_APA-SGI-CN_PI_QUAL,323ad41d-7537-467e-8d8c-a9b53bc43e72,NA,NA,NA,,,,,,,,,,,,,,
ae7593ed-430b-4b5b-aecf-a10a6917e15e,BASF_SC_APA-SGI-CN_PI_PROD,323ad41d-7537-467e-8d8c-a9b53bc43e72,NA,NA,NA,,,,,,,,,,,,,,
07f50dff-7d5f-4837-93c2-e1ca92eb174a,内部使用,334ab391-3702-4c6c-a9ab-e5a5aeeede4e,NA,NA,NA,,,,,,,,,,,,,,
9de90380-089b-4aeb-8db0-01068286f9d5,APP PORTAL,d1bc3231-2e4e-4610-abbb-d7430a2a3ecd,NA,NA,NA,,,,,,,,,,,,,,
26db6e76-66b3-438a-aa5a-81a7cdb7f188,FLEETCN PROD,e2b611ec-5753-4023-9045-44772de8defe,NA,NA,NA,,,,,,,,,,,,,,
2f94c602-858a-469b-9048-f8bb6d41b88d,AZR-EAC,1f617ecc-bb35-40ba-bda1-b7a7a9f465f3,NA,NA,NA,,,,,,,,,,,,,,
242d709d-84e3-4836-bbf0-d02a6a7601e7,VPCxAzureChinaProduction2,1f617ecc-bb35-40ba-bda1-b7a7a9f465f3,NA,NA,NA,,,,,,,,,,,,,,
a83736a5-07d5-49e1-ba89-85fa44e49933,AZR-EAB,1f617ecc-bb35-40ba-bda1-b7a7a9f465f3,NA,NA,NA,,,,,,,,,,,,,,
4c282219-3a9c-4c0e-a39c-e179af19dfb3,AZR-EAD,1f617ecc-bb35-40ba-bda1-b7a7a9f465f3,NA,NA,NA,,,,,,,,,,,,,,
faabc429-c963-4278-bf94-823242069f7d,AZR-EAG,1f617ecc-bb35-40ba-bda1-b7a7a9f465f3,NA,NA,NA,,,,,,,,,,,,,,
5ae7143e-0a16-435e-bb14-09c6cd1392e0,AZR-315,1f617ecc-bb35-40ba-bda1-b7a7a9f465f3,NA,NA,NA,,,,,,,,,,,,,,
7fa3ef11-b00f-4295-adff-b470a89a661b,VPCxAzureChinaProduction14,1f617ecc-bb35-40ba-bda1-b7a7a9f465f3,NA,NA,NA,,,,,,,,,,,,,,
fd0dbb52-7693-484c-b57d-e5e6d3e20f33,VPCxAzureChinaProduction31,1f617ecc-bb35-40ba-bda1-b7a7a9f465f3,NA,NA,NA,,,,,,,,,,,,,,
7e838f91-efac-4c33-893f-d0a3d267fc5f,VPCXAZURECHINAPRODUCTION12,1f617ecc-bb35-40ba-bda1-b7a7a9f465f3,NA,NA,NA,,,,,,,,,,,,,,
c85af212-f2de-4f93-861e-8c4ed2af664d,CANCELLED SUBSCRIPTION,1f617ecc-bb35-40ba-bda1-b7a7a9f465f3,NA,NA,NA,,,,,,,,,,,,,,
b1edff28-70ab-40eb-bfda-383ba7a50502,VPCxAzureChinaProduction29,1f617ecc-bb35-40ba-bda1-b7a7a9f465f3,NA,NA,NA,,,,,,,,,,,,,,
6cd81462-d7f9-4f42-a670-73d5c500ba79,AZR-EAA,1f617ecc-bb35-40ba-bda1-b7a7a9f465f3,NA,NA,NA,,,,,,,,,,,,,,
6b1b911e-7e67-4116-a33d-9d59b2273d11,AZR-WAM,1f617ecc-bb35-40ba-bda1-b7a7a9f465f3,NA,NA,NA,,,,,,,,,,,,,,
f454cac9-2ed5-403f-8bf4-3f75fc9d365f,VPCXAZURECHINAPRODUCTION11,1f617ecc-bb35-40ba-bda1-b7a7a9f465f3,NA,NA,NA,,,,,,,,,,,,,,
53dea1bf-eb15-4dbd-800d-c2e903edd4c6,AZR-EAE,1f617ecc-bb35-40ba-bda1-b7a7a9f465f3,NA,NA,NA,,,,,,,,,,,,,,
799c6cb0-36dd-44e8-b276-c06c47093581,VPCxAzureChinaProduction34,1f617ecc-bb35-40ba-bda1-b7a7a9f465f3,NA,NA,NA,,,,,,,,,,,,,,
e205ecbe-3d81-4513-975e-60928bd8ca03,AZR-WCM,1f617ecc-bb35-40ba-bda1-b7a7a9f465f3,NA,NA,NA,,,,,,,,,,,,,,
97a824f3-dc32-4801-b55f-5a0d0a3a9d8c,VPCxAzureChinaProduction10,1f617ecc-bb35-40ba-bda1-b7a7a9f465f3,NA,NA,NA,,,,,,,,,,,,,,
fd5d7bf3-b991-48fe-aeda-e09851c90086,AZR-EAF,1f617ecc-bb35-40ba-bda1-b7a7a9f465f3,NA,NA,NA,,,,,,,,,,,,,,
0b425add-6a80-4e32-9297-caa271db9183,AZR-EAH,1f617ecc-bb35-40ba-bda1-b7a7a9f465f3,NA,NA,NA,,,,,,,,,,,,,,
d9b365be-bf8c-4bcb-8c12-8c5dd1eb050e,YLCN-VM,23dd5e46-e585-43fc-9af7-961995a29408,NA,NA,NA,,,,,,,,,,,,,,
9438ff6e-ab11-45fe-af2d-8a19f68a1d1b,YLCN-DataBricks,23dd5e46-e585-43fc-9af7-961995a29408,NA,NA,NA,,,,,,,,,,,,,,
64484c7b-0836-4263-b9c7-524a7b0c23fd,app-3706-corp-prod-associated,4da33767-7d8f-4b51-9722-6e6be84df514,NA,NA,NA,,,,,,,,,,,,,,
5ed710f7-7da5-471c-b2b3-6846eced0c06,app-3706-corp-prod-365,4da33767-7d8f-4b51-9722-6e6be84df514,NA,NA,NA,,,,,,,,,,,,,,
8977e596-6fe6-47c2-820a-0313162daeaf,app-4727-corp-prod-379,4da33767-7d8f-4b51-9722-6e6be84df514,NA,NA,NA,,,,,,,,,,,,,,
7c24902f-3b46-4bd4-9e04-19f3ee30380c,app-8083-corp-nonprod-135,4da33767-7d8f-4b51-9722-6e6be84df514,NA,NA,NA,,,,,,,,,,,,,,
9d35c35d-bad2-4cbd-bf5c-3f71de03ff14,app-3706-corp-nonprod-365,4da33767-7d8f-4b51-9722-6e6be84df514,NA,NA,NA,,,,,,,,,,,,,,
87f3cdcd-c80c-4fc7-b57e-449ea1c2d144,CC-MFD-GLOBAL-DATAANALYTICSCN-PROD,b237d315-a656-4d52-a69a-db04dc79b749,博世(中国)投资有限公司,V5702212S0735,CIAP.PublicCloud@cn.bosch.com,dhu3sgh@bosch.com,ELU1SGH@bosch.com,fred.li@cn.bosch.com,huachun.chen@cn.bosch.com,ilf2szh@bosch.com,jak1szh@bosch.com,Laurence.Miao@cn.bosch.com,lundo.hua@cn.bosch.com,mil8szh@bosch.com,,,,,
13b23225-3b71-4283-b607-c9a67fa9ed10,PS-CDH-CN-DEV,b237d315-a656-4d52-a69a-db04dc79b749,博世(中国)投资有限公司,V5702212S0735,CIAP.PublicCloud@cn.bosch.com,dhu3sgh@bosch.com,ELU1SGH@bosch.com,fred.li@cn.bosch.com,huachun.chen@cn.bosch.com,ilf2szh@bosch.com,jak1szh@bosch.com,Laurence.Miao@cn.bosch.com,lundo.hua@cn.bosch.com,mil8szh@bosch.com,,,,,
dbe5618c-09b2-4ad7-b844-d03f015cf2d0,BOSCH-BD-REDMESH-CN-DEV,b237d315-a656-4d52-a69a-db04dc79b749,博世(中国)投资有限公司,V5702212S0735,CIAP.PublicCloud@cn.bosch.com,dhu3sgh@bosch.com,ELU1SGH@bosch.com,fred.li@cn.bosch.com,huachun.chen@cn.bosch.com,ilf2szh@bosch.com,jak1szh@bosch.com,Laurence.Miao@cn.bosch.com,lundo.hua@cn.bosch.com,mil8szh@bosch.com,,,,,
2fe75b6f-35b5-4597-a966-5b33e9bb8a91,BOSCH-CS-BITC-HHT-SANDBOX,b237d315-a656-4d52-a69a-db04dc79b749,博世(中国)投资有限公司,V5702212S0735,CIAP.PublicCloud@cn.bosch.com,dhu3sgh@bosch.com,ELU1SGH@bosch.com,fred.li@cn.bosch.com,huachun.chen@cn.bosch.com,ilf2szh@bosch.com,jak1szh@bosch.com,Laurence.Miao@cn.bosch.com,lundo.hua@cn.bosch.com,mil8szh@bosch.com,,,,,
0a67b171-3423-4d04-8a71-e58cf1f02775,BOSCH-BD-REDMESH-CN-PROD,b237d315-a656-4d52-a69a-db04dc79b749,博世(中国)投资有限公司,V5702212S0735,CIAP.PublicCloud@cn.bosch.com,dhu3sgh@bosch.com,ELU1SGH@bosch.com,fred.li@cn.bosch.com,huachun.chen@cn.bosch.com,ilf2szh@bosch.com,jak1szh@bosch.com,Laurence.Miao@cn.bosch.com,lundo.hua@cn.bosch.com,mil8szh@bosch.com,,,,,
a6cafb9e-9f43-40c6-b9e3-89913835b098,CC-MFD-MDP-SZH3-PROD,b237d315-a656-4d52-a69a-db04dc79b749,NA,NA,NA,,,,,,,,,,,,,,
0e3cc091-94aa-4588-8d6b-14fa4a1523ff,PT-BE-TDMS-PROD,b237d315-a656-4d52-a69a-db04dc79b749,博世(中国)投资有限公司,V5702212S0735,CIAP.PublicCloud@cn.bosch.com,dhu3sgh@bosch.com,ELU1SGH@bosch.com,fred.li@cn.bosch.com,huachun.chen@cn.bosch.com,ilf2szh@bosch.com,jak1szh@bosch.com,Laurence.Miao@cn.bosch.com,lundo.hua@cn.bosch.com,mil8szh@bosch.com,,,,,
d9d72f52-cb7a-4a95-866a-96131f1888c0,CC-SZH2-DATAANALYTICS-PROD,b237d315-a656-4d52-a69a-db04dc79b749,博世(中国)投资有限公司,V5702212S0735,CIAP.PublicCloud@cn.bosch.com,dhu3sgh@bosch.com,ELU1SGH@bosch.com,fred.li@cn.bosch.com,huachun.chen@cn.bosch.com,ilf2szh@bosch.com,jak1szh@bosch.com,Laurence.Miao@cn.bosch.com,lundo.hua@cn.bosch.com,mil8szh@bosch.com,,,,,
13692625-1cd7-48f1-ab5a-8ead307672ff,N/A,b237d315-a656-4d52-a69a-db04dc79b749,NA,NA,NA,,,,,,,,,,,,,,
0bc1384b-09ec-48e6-a67d-9966672d68f4,PT-CN-UDP-STG-SANDBOX,b237d315-a656-4d52-a69a-db04dc79b749,NA,NA,NA,,,,,,,,,,,,,,
5bbbca0d-2a1b-4467-b7ae-c1f6b4a7ce4d,BD-DPA-BDP-SQ1-DATABRICKS-UC-CN-PROD,b237d315-a656-4d52-a69a-db04dc79b749,博世(中国)投资有限公司,V5702212S0735,CIAP.PublicCloud@cn.bosch.com,dhu3sgh@bosch.com,ELU1SGH@bosch.com,fred.li@cn.bosch.com,huachun.chen@cn.bosch.com,ilf2szh@bosch.com,jak1szh@bosch.com,Laurence.Miao@cn.bosch.com,lundo.hua@cn.bosch.com,mil8szh@bosch.com,,,,,
6567078e-854a-49ad-b941-e218c040d150,CC-SZH2-DATAANALYTICS-QA,b237d315-a656-4d52-a69a-db04dc79b749,博世(中国)投资有限公司,V5702212S0735,CIAP.PublicCloud@cn.bosch.com,dhu3sgh@bosch.com,ELU1SGH@bosch.com,fred.li@cn.bosch.com,huachun.chen@cn.bosch.com,ilf2szh@bosch.com,jak1szh@bosch.com,Laurence.Miao@cn.bosch.com,lundo.hua@cn.bosch.com,mil8szh@bosch.com,,,,,
c2446b25-9775-4a52-a11c-763b8b2c689b,BOSCH-CQMR-REDMESH-CN-DDP-PROD,b237d315-a656-4d52-a69a-db04dc79b749,NA,NA,NA,,,,,,,,,,,,,,
bd97bf5e-c392-4dd2-8b8f-f2d64ae34395,CC-MFD-MDP-CN-DEV,b237d315-a656-4d52-a69a-db04dc79b749,NA,NA,NA,,,,,,,,,,,,,,
e5285171-8907-432b-98d0-86322bc81959,HC-SGHP-DEV,b237d315-a656-4d52-a69a-db04dc79b749,博世(中国)投资有限公司,V5702212S0735,CIAP.PublicCloud@cn.bosch.com,dhu3sgh@bosch.com,ELU1SGH@bosch.com,fred.li@cn.bosch.com,huachun.chen@cn.bosch.com,ilf2szh@bosch.com,jak1szh@bosch.com,Laurence.Miao@cn.bosch.com,lundo.hua@cn.bosch.com,mil8szh@bosch.com,,,,,
32c01af6-5c2a-4b54-b1ed-297f431202cb,PS-CDH-CN-PROD,b237d315-a656-4d52-a69a-db04dc79b749,博世(中国)投资有限公司,V5702212S0735,CIAP.PublicCloud@cn.bosch.com,dhu3sgh@bosch.com,ELU1SGH@bosch.com,fred.li@cn.bosch.com,huachun.chen@cn.bosch.com,ilf2szh@bosch.com,jak1szh@bosch.com,Laurence.Miao@cn.bosch.com,lundo.hua@cn.bosch.com,mil8szh@bosch.com,,,,,
a200a394-d52d-44d3-b32c-231b4e8e557d,CC-MFD-MDP-NJ-PROD,b237d315-a656-4d52-a69a-db04dc79b749,NA,NA,NA,,,,,,,,,,,,,,
8b7a7bf0-3355-4d65-a19a-43ad320b1c72,BOSCH-BD-REDMESH-CN-DDP-DEV,b237d315-a656-4d52-a69a-db04dc79b749,NA,NA,NA,,,,,,,,,,,,,,
466ad24c-f707-429c-a145-f41756312958,PS-BITC-CN-PROD,b237d315-a656-4d52-a69a-db04dc79b749,博世(中国)投资有限公司,V5702212S0735,CIAP.PublicCloud@cn.bosch.com,dhu3sgh@bosch.com,ELU1SGH@bosch.com,fred.li@cn.bosch.com,huachun.chen@cn.bosch.com,ilf2szh@bosch.com,jak1szh@bosch.com,Laurence.Miao@cn.bosch.com,lundo.hua@cn.bosch.com,mil8szh@bosch.com,,,,,
37f228c8-e754-4a2d-8a49-71a24b24aca0,PT-BE-TDMS-DEV,b237d315-a656-4d52-a69a-db04dc79b749,博世(中国)投资有限公司,V5702212S0735,CIAP.PublicCloud@cn.bosch.com,dhu3sgh@bosch.com,ELU1SGH@bosch.com,fred.li@cn.bosch.com,huachun.chen@cn.bosch.com,ilf2szh@bosch.com,jak1szh@bosch.com,Laurence.Miao@cn.bosch.com,lundo.hua@cn.bosch.com,mil8szh@bosch.com,,,,,
408c5689-7a02-4aa3-baf1-066a7e68c1c9,BOSCH-CS-BITC-HHT-DEV,b237d315-a656-4d52-a69a-db04dc79b749,博世(中国)投资有限公司,V5702212S0735,CIAP.PublicCloud@cn.bosch.com,dhu3sgh@bosch.com,ELU1SGH@bosch.com,fred.li@cn.bosch.com,huachun.chen@cn.bosch.com,ilf2szh@bosch.com,jak1szh@bosch.com,Laurence.Miao@cn.bosch.com,lundo.hua@cn.bosch.com,mil8szh@bosch.com,,,,,
547de0b1-72a1-4fed-9c20-961dac578465,BOSCH-CS-BITC-HHT-QA,b237d315-a656-4d52-a69a-db04dc79b749,博世(中国)投资有限公司,V5702212S0735,CIAP.PublicCloud@cn.bosch.com,dhu3sgh@bosch.com,ELU1SGH@bosch.com,fred.li@cn.bosch.com,huachun.chen@cn.bosch.com,ilf2szh@bosch.com,jak1szh@bosch.com,Laurence.Miao@cn.bosch.com,lundo.hua@cn.bosch.com,mil8szh@bosch.com,,,,,
6609fa88-de79-42b6-b2c2-2615ba55b49c,BSDT-CDC-PROD,b237d315-a656-4d52-a69a-db04dc79b749,NA,NA,NA,,,,,,,,,,,,,,
8478704f-0bea-4e88-8a97-b15467a47e53,N/A,b237d315-a656-4d52-a69a-db04dc79b749,NA,NA,NA,,,,,,,,,,,,,,
1e60e7c1-3f31-4774-b717-ca63d5d9117b,BD-PUC3-SANDBOX,b237d315-a656-4d52-a69a-db04dc79b749,博世(中国)投资有限公司,V5702212S0735,CIAP.PublicCloud@cn.bosch.com,dhu3sgh@bosch.com,ELU1SGH@bosch.com,fred.li@cn.bosch.com,huachun.chen@cn.bosch.com,ilf2szh@bosch.com,jak1szh@bosch.com,Laurence.Miao@cn.bosch.com,lundo.hua@cn.bosch.com,mil8szh@bosch.com,,,,,
19cf3375-c7aa-4b96-b8d0-f0c4f40509dd,BD-SHAREZONE-PROD,b237d315-a656-4d52-a69a-db04dc79b749,博世(中国)投资有限公司,V5702212S0735,CIAP.PublicCloud@cn.bosch.com,dhu3sgh@bosch.com,ELU1SGH@bosch.com,fred.li@cn.bosch.com,huachun.chen@cn.bosch.com,ilf2szh@bosch.com,jak1szh@bosch.com,Laurence.Miao@cn.bosch.com,lundo.hua@cn.bosch.com,mil8szh@bosch.com,,,,,
b9e6c29b-5a82-4ab6-9a4a-b6a6edd2d710,BOSCH-HR-REDMESH-CN-DDP-PROD,b237d315-a656-4d52-a69a-db04dc79b749,博世(中国)投资有限公司,V5702212S0735,CIAP.PublicCloud@cn.bosch.com,dhu3sgh@bosch.com,ELU1SGH@bosch.com,fred.li@cn.bosch.com,huachun.chen@cn.bosch.com,ilf2szh@bosch.com,jak1szh@bosch.com,Laurence.Miao@cn.bosch.com,lundo.hua@cn.bosch.com,mil8szh@bosch.com,,,,,
b4d92807-176b-4137-a591-5efab202e438,BOSCH-MA-REDMESH-CN-DDP-PROD,b237d315-a656-4d52-a69a-db04dc79b749,博世(中国)投资有限公司,V5702212S0735,CIAP.PublicCloud@cn.bosch.com,dhu3sgh@bosch.com,ELU1SGH@bosch.com,fred.li@cn.bosch.com,huachun.chen@cn.bosch.com,ilf2szh@bosch.com,jak1szh@bosch.com,Laurence.Miao@cn.bosch.com,lundo.hua@cn.bosch.com,mil8szh@bosch.com,,,,,
48b92d34-f990-4c58-b37d-2acd3929188a,BOSCH-MA-APAC-DATA-PLATFORM-DEV,b237d315-a656-4d52-a69a-db04dc79b749,NA,NA,NA,,,,,,,,,,,,,,
241d8eab-fe70-435c-8d94-b267e35e9eaf,CC-CGD-DATAANALYTICS-PROD,b237d315-a656-4d52-a69a-db04dc79b749,NA,NA,NA,,,,,,,,,,,,,,
3f1629bd-96bc-48d5-b3bd-022142145629,BOSCH-HR-REDMESH-CN-DDP-DEV,b237d315-a656-4d52-a69a-db04dc79b749,博世(中国)投资有限公司,V5702212S0735,CIAP.PublicCloud@cn.bosch.com,dhu3sgh@bosch.com,ELU1SGH@bosch.com,fred.li@cn.bosch.com,huachun.chen@cn.bosch.com,ilf2szh@bosch.com,jak1szh@bosch.com,Laurence.Miao@cn.bosch.com,lundo.hua@cn.bosch.com,mil8szh@bosch.com,,,,,
b4c153a5-cac7-4e4f-9062-ddbfd8ea6a31,CC-MFD-MDP-CN-PROD,b237d315-a656-4d52-a69a-db04dc79b749,NA,NA,NA,,,,,,,,,,,,,,
ed5622b4-8264-4269-866b-7bc012b51278,PT-CN-UDP-PRD,b237d315-a656-4d52-a69a-db04dc79b749,博世(中国)投资有限公司,V5702212S0735,CIAP.PublicCloud@cn.bosch.com,dhu3sgh@bosch.com,ELU1SGH@bosch.com,fred.li@cn.bosch.com,huachun.chen@cn.bosch.com,ilf2szh@bosch.com,jak1szh@bosch.com,Laurence.Miao@cn.bosch.com,lundo.hua@cn.bosch.com,mil8szh@bosch.com,,,,,
0fb48770-b432-41c2-9005-74f439336178,CC-MFD-MDP-CN-QA,b237d315-a656-4d52-a69a-db04dc79b749,NA,NA,NA,,,,,,,,,,,,,,
96895189-ee2a-48b2-a158-acc9c5ab8732,CC-MFD-GLOBAL-DATAANALYTICSCN-QA,b237d315-a656-4d52-a69a-db04dc79b749,博世(中国)投资有限公司,V5702212S0735,CIAP.PublicCloud@cn.bosch.com,dhu3sgh@bosch.com,ELU1SGH@bosch.com,fred.li@cn.bosch.com,huachun.chen@cn.bosch.com,ilf2szh@bosch.com,jak1szh@bosch.com,Laurence.Miao@cn.bosch.com,lundo.hua@cn.bosch.com,mil8szh@bosch.com,,,,,
3a222984-a5ce-4b76-98fa-f25bbb50b640,BOSCH-PS-BPSE-SANDBOX,b237d315-a656-4d52-a69a-db04dc79b749,博世(中国)投资有限公司,V5702212S0735,CIAP.PublicCloud@cn.bosch.com,dhu3sgh@bosch.com,ELU1SGH@bosch.com,fred.li@cn.bosch.com,huachun.chen@cn.bosch.com,ilf2szh@bosch.com,jak1szh@bosch.com,Laurence.Miao@cn.bosch.com,lundo.hua@cn.bosch.com,mil8szh@bosch.com,,,,,
e9c2c78f-ad07-4c76-8e2a-97ec50a50791,VM-NJ-DATAANALYTICS-DEV,b237d315-a656-4d52-a69a-db04dc79b749,NA,NA,NA,,,,,,,,,,,,,,
dc7593b2-d5dc-4efc-ac48-2df3712e4e3b,PT-BE-TDMS-QA,b237d315-a656-4d52-a69a-db04dc79b749,博世(中国)投资有限公司,V5702212S0735,CIAP.PublicCloud@cn.bosch.com,dhu3sgh@bosch.com,ELU1SGH@bosch.com,fred.li@cn.bosch.com,huachun.chen@cn.bosch.com,ilf2szh@bosch.com,jak1szh@bosch.com,Laurence.Miao@cn.bosch.com,lundo.hua@cn.bosch.com,mil8szh@bosch.com,,,,,
2dc16ef6-83e1-4651-8643-6fccec031e9a,BOSCH-GS-DATA_APPS-PROD,b237d315-a656-4d52-a69a-db04dc79b749,博世(中国)投资有限公司,V5702212S0735,CIAP.PublicCloud@cn.bosch.com,dhu3sgh@bosch.com,ELU1SGH@bosch.com,fred.li@cn.bosch.com,huachun.chen@cn.bosch.com,ilf2szh@bosch.com,jak1szh@bosch.com,Laurence.Miao@cn.bosch.com,lundo.hua@cn.bosch.com,mil8szh@bosch.com,,,,,
268adf76-1c94-45c1-91c8-513e71ef3344,CN-BCI-RBS-PRODUCTION,b237d315-a656-4d52-a69a-db04dc79b749,NA,NA,NA,,,,,,,,,,,,,,
a18a514a-2859-4ad5-8b6a-afd6c6ec6ff0,C-TALENTLANDSCAPE-DEV,b237d315-a656-4d52-a69a-db04dc79b749,博世(中国)投资有限公司,V5702212S0735,CIAP.PublicCloud@cn.bosch.com,dhu3sgh@bosch.com,ELU1SGH@bosch.com,fred.li@cn.bosch.com,huachun.chen@cn.bosch.com,ilf2szh@bosch.com,jak1szh@bosch.com,Laurence.Miao@cn.bosch.com,lundo.hua@cn.bosch.com,mil8szh@bosch.com,,,,,
6dc43726-7b8c-41fd-b3d7-8b2235653298,CC-MFD-MDP-CGD-PROD,b237d315-a656-4d52-a69a-db04dc79b749,NA,NA,NA,,,,,,,,,,,,,,
36e0aa54-ccbd-4e96-b957-e74558f8a156,CC-MFD-GLOBAL-DATAANALYTICSCN-DEV,b237d315-a656-4d52-a69a-db04dc79b749,博世(中国)投资有限公司,V5702212S0735,CIAP.PublicCloud@cn.bosch.com,dhu3sgh@bosch.com,ELU1SGH@bosch.com,fred.li@cn.bosch.com,huachun.chen@cn.bosch.com,ilf2szh@bosch.com,jak1szh@bosch.com,Laurence.Miao@cn.bosch.com,lundo.hua@cn.bosch.com,mil8szh@bosch.com,,,,,
713f29d9-4a70-4463-8434-fbd82cd0f580,BSDT-CDC-QA,b237d315-a656-4d52-a69a-db04dc79b749,NA,NA,NA,,,,,,,,,,,,,,
da0273ae-faf2-4615-9483-f5e3a7eba1e2,VM-NJ-DATAANALYTICS-PROD,b237d315-a656-4d52-a69a-db04dc79b749,NA,NA,NA,,,,,,,,,,,,,,
6704f2d7-a727-4cac-992c-6793ee4e742e,BD-DPA-BDP-SQ1-DATABRICKS-UC-CN-DEV,b237d315-a656-4d52-a69a-db04dc79b749,博世(中国)投资有限公司,V5702212S0735,CIAP.PublicCloud@cn.bosch.com,dhu3sgh@bosch.com,ELU1SGH@bosch.com,fred.li@cn.bosch.com,huachun.chen@cn.bosch.com,ilf2szh@bosch.com,jak1szh@bosch.com,Laurence.Miao@cn.bosch.com,lundo.hua@cn.bosch.com,mil8szh@bosch.com,,,,,
e8144d70-2bc9-49a8-8b86-070e7c997246,OMC -  Platform,d06c3215-abb4-49db-ba83-476ffaba9a6f,NA,NA,NA,,,,,,,,,,,,,,
405b3351-69a3-49ff-959f-d3110f0de16c,Operations_Management,d06c3215-abb4-49db-ba83-476ffaba9a6f,NA,NA,NA,,,,,,,,,,,,,,
961e5fc6-18c3-48ff-a01b-88190ea5b4ab,China_User_Data_Platform,d06c3215-abb4-49db-ba83-476ffaba9a6f,NA,NA,NA,,,,,,,,,,,,,,
b5939b57-f3ef-4cfa-b425-64ce459b0423,CB-IIT-AZURE-CN-NPROD,d2157bda-77f7-4b65-9b33-00cee659d514,NA,NA,NA,,,,,,,,,,,,,,
a72dd796-f39f-416d-b69c-d7d978bbb101,CB-IIT-AZURE-CN-PROD(Converted to EA),d2157bda-77f7-4b65-9b33-00cee659d514,NA,NA,NA,,,,,,,,,,,,,,
231b6377-99e0-4ce6-9baf-ad6c09637b7f,Windows Azure 企业,14ac595f-4937-4348-8789-f9caabf2cc5a,NA,NA,NA,,,,,,,,,,,,,,
bdbccffe-0f98-4762-838c-9c2fdb596236,WINDOWS AZURE ENTERPRISE,1564b3b4-fc89-4c79-a460-2ab16ae14ab2,中建材信息技术股份有限公司,V5702510S0189,renchangfu@cnbmtech.com,,,,,,,,,,,,,,
d13d0f5a-412b-4e62-965b-e6877d0c5118,AZURE.CORE.COMMON.STABLE.CNN3,fc5069ad-571f-41b4-948b-c4ad41f3d79b,NA,NA,NA,,,,,,,,,,,,,,
1b910f9c-eb3b-495c-b665-4fb4b09b519a,AZURE.CORE.COMMON.DEV.CNN3,fc5069ad-571f-41b4-948b-c4ad41f3d79b,NA,NA,NA,,,,,,,,,,,,,,
ef7f4837-e1eb-4d46-9ecd-9b43767de249,WINDOWS AZURE 企业,4a49fdfe-46fc-42ce-a72e-81582e6ce3bd,NA,NA,NA,,,,,,,,,,,,,,
ac5f3aba-3906-467d-8020-0300677feebb,WINDOWS AZURE 企业,54025716-5a27-423e-98ef-63dfb4f11dc1,中建材信息技术股份有限公司,V5702502S0015,renchangfu@cnbmtech.com,,,,,,,,,,,,,,
f8f5fbc1-142b-4214-97f4-017ac02485a6,Cloud Data Management - PROD,bf0b4010-20dd-4474-9da9-2ab3d6930a2d,NA,NA,NA,,,,,,,,,,,,,,
3c189559-1efc-4543-afa5-c9a848495237,Cloud Data Management - Dev,bf0b4010-20dd-4474-9da9-2ab3d6930a2d,NA,NA,NA,,,,,,,,,,,,,,
033b0d75-75fc-4302-9cac-b0da0ab44342,WINDOWS AZURE 内部消耗,eed05f1f-eecb-474d-b98c-7b347ecc779f,NA,NA,NA,,,,,,,,,,,,,,
a177545c-5e7a-4291-b557-a5a4e079c90c,China Azure Main Account,249e2cf8-286e-46fe-84b6-ba6148ef65d6,NA,NA,NA,,,,,,,,,,,,,,
716e176e-7e59-41f3-ad7e-8dfbc649c619,TOG-CXP,29687f31-830c-4f58-a019-8a25cc3ccc29,上海埃治慷内科技有限公司,V5702308S0464,chen.haiyun@oe.21vianet.com,sun.xiao5@oe.21vianet.com,,,,,,,,,,,,,
f766e6ca-148b-4052-8a1c-7b4816a6d986,CTC41-VUR,7e19904d-a916-4bc4-8a04-2acf5591212c,NA,NA,NA,,,,,,,,,,,,,,
1d47ae0a-7ebd-4670-8088-9b2393a34559,CTI2-GHIL-prod,7e19904d-a916-4bc4-8a04-2acf5591212c,NA,NA,NA,,,,,,,,,,,,,,
e0b78dee-edf0-469b-8785-8056794f5e74,ctn12-mlops-dev,7e19904d-a916-4bc4-8a04-2acf5591212c,NA,NA,NA,,,,,,,,,,,,,,
fd12af3b-06fb-47b4-8a31-6d87415bf8b0,N/A,9e3588fc-a84b-4bf5-813d-c6cbf6c5b151,NA,NA,NA,,,,,,,,,,,,,,
cdf55c24-6fbe-4464-859f-ceebbd4ca518,Global SDA,fe19e351-9d4c-4796-a9ac-31d9efb86c9f,NA,NA,NA,,,,,,,,,,,,,,
b389231d-d969-4a8c-9647-5f66bac16d12,测试订阅,084ae507-f5ee-4b2f-9ad1-37035bee6cb7,NA,NA,NA,,,,,,,,,,,,,,
ef191dc8-e059-406d-a665-7530fc10715c,CORE DATA PLATFORM LEARNING,20315e5c-e8de-4008-a075-33125002ebdf,NA,NA,NA,,,,,,,,,,,,,,
25f4d28a-9538-44cc-a6b4-59f7cfba62bd,R4S04_KGIT_ITCS_PRD,53c59bbf-a2b5-492e-a005-d76f10cbcdfa,NA,NA,NA,,,,,,,,,,,,,,
a16dcc41-eff7-4c7b-aae0-c876128100c0,WINDOWS AZURE 内部消耗,954fbd15-7b26-490f-b97c-1f6dd7447a33,NA,NA,NA,,,,,,,,,,,,,,
ad0874b6-79ea-443a-980b-8d469816c5d7,A234441-GMPICDH-TEST-CN,da3b900e-79b6-4aa8-82da-f05179112344,NA,NA,NA,,,,,,,,,,,,,,
77f5e748-affb-4e5c-b142-281f0127e900,A234441-GMPICDH-PROD-CN,da3b900e-79b6-4aa8-82da-f05179112344,NA,NA,NA,,,,,,,,,,,,,,
0567deba-7e56-458b-9a2a-4a244a809e3f,A125874-HADOOP-PROD-CN,da3b900e-79b6-4aa8-82da-f05179112344,"General Motors (China) Investment Co., Ltd.",V5702206S0302,andrew.cameron@gm.com,brandon.thurkettle@gm.com,cindy.shen@gm.com,david.gao@gm.com,kevin.berger@gm.com,wendy.need@gm.com,,,,,,,,,
c26651ca-8239-4bf3-a11d-3d4d8fb6068f,A234441-GMPICDH-DEV-CN,da3b900e-79b6-4aa8-82da-f05179112344,NA,NA,NA,,,,,,,,,,,,,,
50a0130c-d1aa-4b3c-88b9-8f7c3f51c963,WINDOWS AZURE ENTERPRISE,ea7173ad-8318-434d-8efc-4cc3cbb47ccd,中建材信息技术股份有限公司,V5702307S0422,renchangfu@cnbmtech.com,wangyong@cnbmtech.com,,,,,,,,,,,,,
b31e5718-bd39-46ce-ab07-4de98cd6bdbd,CN DEV,ed010bcb-d2d5-4632-a716-815de839e4e2,NA,NA,NA,,,,,,,,,,,,,,
d2a11429-2802-4aeb-8327-8b0d7f82e363,bglp12-prd-ppefas-dashboard,f1f60feb-4acd-4e1d-8d40-c7e83f3a26ec,NA,NA,NA,,,,,,,,,,,,,,
9fc7a3b7-45ad-4d20-8b51-0299e3132026,bigdata-simulation,f1f60feb-4acd-4e1d-8d40-c7e83f3a26ec,NA,NA,NA,,,,,,,,,,,,,,
16537289-bcc0-482c-8cfe-6ca58d7bba9b,bglp12-apr-ppefas-dashboard,f1f60feb-4acd-4e1d-8d40-c7e83f3a26ec,NA,NA,NA,,,,,,,,,,,,,,
929cc7c4-983c-4479-8d01-be7fc568dcfc,dev-adp-elk,f1f60feb-4acd-4e1d-8d40-c7e83f3a26ec,NA,NA,NA,,,,,,,,,,,,,,
6b0cf8e0-16ab-48a8-928f-d0844efafb3c,poc-cadacapa-workbench,f1f60feb-4acd-4e1d-8d40-c7e83f3a26ec,NA,NA,NA,,,,,,,,,,,,,,
7b59596b-956a-4ee9-bdb0-d1d90159ed25,BIBCNCDP,5a9190b9-4669-46f6-8e2f-8e52f1d9b0a4,NA,NA,NA,,,,,,,,,,,,,,
0488bda4-6b09-4520-85b4-10118e480eee,BIBCNENP,5a9190b9-4669-46f6-8e2f-8e52f1d9b0a4,NA,NA,NA,,,,,,,,,,,,,,
abcbff3c-4072-490d-b9ab-77289fa1e7eb,BIBCNEPR,5a9190b9-4669-46f6-8e2f-8e52f1d9b0a4,NA,NA,NA,,,,,,,,,,,,,,
0ccf2584-52ff-437b-841c-68736c42f851,BIBCNIPO,5a9190b9-4669-46f6-8e2f-8e52f1d9b0a4,NA,NA,NA,,,,,,,,,,,,,,
602fdf96-c44b-43bb-bcd2-8758cea924f2,N/A,660b5ab5-b942-42a4-9ffc-5de587e6262d,NA,NA,NA,,,,,,,,,,,,,,
3496bc4f-a50e-42d4-87dc-447b32138b65,CM-EPI-Lab-CN3,78cf8867-b41c-4740-a57d-883e0933e438,NA,NA,NA,,,,,,,,,,,,,,
73bddc57-e285-42a6-a9df-64bbd1342d37,Clobotics Azure China - Retail,09738183-5075-434a-a3b4-c4bb2b472f1e,NA,NA,NA,,,,,,,,,,,,,,
ac1b67df-c4cb-4a57-b16d-15148ebb2810,Cloud Foundation - Shared Services PROD (BMWCN),4ed600de-2866-4aed-b5c6-2ddaa85d05a8,NA,NA,NA,,,,,,,,,,,,,,
f159786a-515c-4b0e-bca4-0ccd563beb0a,Eki.Group CN,51086cac-91d5-4ba1-b26d-62ae6ff519f9,NA,NA,NA,,,,,,,,,,,,,,
fe593ee5-7d00-4944-aa97-ee3fa386015b,MAJIANFE-CHINA,9e1902b2-75d6-4943-86ec-434a07d2a3cd,NA,NA,NA,,,,,,,,,,,,,,
f6631415-ee49-479f-98d3-dd7660df5e0f,ESJV Azure Subscription,bcbc0991-fee9-4827-a80e-08c2d3fd29c9,NA,NA,NA,,,,,,,,,,,,,,
079f0658-9a7a-4094-b0ee-21f0491a3ccd,SCLRetailDataPlatform,97800c11-c194-4168-a03d-6b4ca9448e4a,NA,NA,NA,,,,,,,,,,,,,,
f1a8cb7d-91a8-4e36-a079-321438c6ef6a,CN-AZ-ASR-0001,6aa41a8a-5826-4105-a245-d0e7a4170713,NA,NA,NA,,,,,,,,,,,,,,
03f68258-3445-4634-88ff-dd21cafc6d64,标准预付费服务(Converted to EA),9582d491-a0f3-495f-89ea-c7f450674814,NA,NA,NA,,,,,,,,,,,,,,
0e6d3783-12d6-427e-9ba5-9190ca60b5d0,Big Data Platform,9582d491-a0f3-495f-89ea-c7f450674814,NA,NA,NA,,,,,,,,,,,,,,
77a98535-fe06-4de4-b41b-159d28eae5cb,WINDOWS AZURE INTERNAL CONSUMPTION,0b1d676d-f21f-4ab8-834b-022e93a8e364,NA,NA,NA,,,,,,,,,,,,,,
718efe11-cdad-4b94-9b1a-03dffb303261,AZURE CN DGT CEH CDP PROD,1a7fa67a-149a-46df-97eb-4626afcbdf34,欧莱雅（中国）有限公司,V5702206S0380,hongyan2.sun@loreal.com,luffy.zhou@loreal.com,yunru.yang-adm@loreal.com,,,,,,,,,,,,
53841939-e21d-4a88-b8d1-4cd82774c9b7,LOREAL-INTERNAL-INFRA,1a7fa67a-149a-46df-97eb-4626afcbdf34,欧莱雅（中国）有限公司,V5702206S0380,hongyan2.sun@loreal.com,luffy.zhou@loreal.com,yunru.yang-adm@loreal.com,,,,,,,,,,,,
fd77d3c7-dd25-425f-8349-90733e176d36,AZURE CN RI ITMULTIAPPS NON PROD,1a7fa67a-149a-46df-97eb-4626afcbdf34,欧莱雅（中国）有限公司,V5702206S0380,hongyan2.sun@loreal.com,luffy.zhou@loreal.com,yunru.yang-adm@loreal.com,,,,,,,,,,,,
24781dbc-818c-4c86-a3d7-02c60ac3d2d4,AZURE CN DOMAIN276 APPIDENTIFIER ENV,1a7fa67a-149a-46df-97eb-4626afcbdf34,欧莱雅（中国）有限公司,V5702206S0380,hongyan2.sun@loreal.com,luffy.zhou@loreal.com,yunru.yang-adm@loreal.com,,,,,,,,,,,,
3dd12584-224a-42d3-a846-d018295a754a,AZURE CN EPB GEM NON PROD,1a7fa67a-149a-46df-97eb-4626afcbdf34,欧莱雅（中国）有限公司,V5702206S0380,hongyan2.sun@loreal.com,luffy.zhou@loreal.com,yunru.yang-adm@loreal.com,,,,,,,,,,,,
d20a55e3-e7ec-415e-b895-94313e7952d4,AZURE CN RGOO SHADEFINDER NON PROD,1a7fa67a-149a-46df-97eb-4626afcbdf34,欧莱雅（中国）有限公司,V5702206S0380,hongyan2.sun@loreal.com,luffy.zhou@loreal.com,yunru.yang-adm@loreal.com,,,,,,,,,,,,
c70c66df-117c-4f3d-b0e4-be4c3b698217,AZURE CN DAT HCP MEDICAL AI ASSISTANT NON PROD,1a7fa67a-149a-46df-97eb-4626afcbdf34,欧莱雅（中国）有限公司,V5702206S0380,hongyan2.sun@loreal.com,luffy.zhou@loreal.com,yunru.yang-adm@loreal.com,,,,,,,,,,,,
6be42287-d375-469b-a554-93a0da5a0324,AZURE CN FSC SMART PLUS - CN NON PROD,1a7fa67a-149a-46df-97eb-4626afcbdf34,欧莱雅（中国）有限公司,V5702206S0380,hongyan2.sun@loreal.com,luffy.zhou@loreal.com,yunru.yang-adm@loreal.com,,,,,,,,,,,,
10bc78be-e792-475a-9f33-8e739c048126,AZURE CN DOMAIN259 APPIDENTIFIER ENV,1a7fa67a-149a-46df-97eb-4626afcbdf34,欧莱雅（中国）有限公司,V5702206S0380,hongyan2.sun@loreal.com,luffy.zhou@loreal.com,yunru.yang-adm@loreal.com,,,,,,,,,,,,
ce0d2984-0953-490d-896c-513a0fcb47d7,AZURE CN DAT BTDP VIRTUALIZATION PROD,1a7fa67a-149a-46df-97eb-4626afcbdf34,欧莱雅（中国）有限公司,V5702206S0380,hongyan2.sun@loreal.com,luffy.zhou@loreal.com,yunru.yang-adm@loreal.com,,,,,,,,,,,,
b62ce829-b937-4386-83bf-394376517cfe,AZURE CN DOMAIN272 APPIDENTIFIER ENV,1a7fa67a-149a-46df-97eb-4626afcbdf34,欧莱雅（中国）有限公司,V5702206S0380,hongyan2.sun@loreal.com,luffy.zhou@loreal.com,yunru.yang-adm@loreal.com,,,,,,,,,,,,
e7e7f79f-1a1a-4e1e-bd2a-5d9b8fb2e741,AZURE CN RGTA BETIQ - CN NON PROD,1a7fa67a-149a-46df-97eb-4626afcbdf34,欧莱雅（中国）有限公司,V5702206S0380,hongyan2.sun@loreal.com,luffy.zhou@loreal.com,yunru.yang-adm@loreal.com,,,,,,,,,,,,
46a6842b-d3a0-4c2d-84be-e9d4b6a28d06,AZURE CN DAT HCP MEDICAL AI ASSISTANT PROD,1a7fa67a-149a-46df-97eb-4626afcbdf34,欧莱雅（中国）有限公司,V5702206S0380,hongyan2.sun@loreal.com,luffy.zhou@loreal.com,yunru.yang-adm@loreal.com,,,,,,,,,,,,
68031b32-6403-4a68-9210-b0895807a90c,AZURE CN DOMAIN258 APPIDENTIFIER ENV,1a7fa67a-149a-46df-97eb-4626afcbdf34,欧莱雅（中国）有限公司,V5702206S0380,hongyan2.sun@loreal.com,luffy.zhou@loreal.com,yunru.yang-adm@loreal.com,,,,,,,,,,,,
aff34a8f-730f-40f6-996d-9facd3c6e500,AZURE CN RGTA BETIQ - CN PROD,1a7fa67a-149a-46df-97eb-4626afcbdf34,欧莱雅（中国）有限公司,V5702206S0380,hongyan2.sun@loreal.com,luffy.zhou@loreal.com,yunru.yang-adm@loreal.com,,,,,,,,,,,,
57149046-422e-4cc7-9ff8-5780f70431f7,AZURE CN RGTA MMMS PROD,1a7fa67a-149a-46df-97eb-4626afcbdf34,欧莱雅（中国）有限公司,V5702206S0380,hongyan2.sun@loreal.com,luffy.zhou@loreal.com,yunru.yang-adm@loreal.com,,,,,,,,,,,,
901eaf2f-ab7d-4791-9db2-48974498083c,AZURE CN DAT BTDP INGESTION NON PROD,1a7fa67a-149a-46df-97eb-4626afcbdf34,欧莱雅（中国）有限公司,V5702206S0380,hongyan2.sun@loreal.com,luffy.zhou@loreal.com,yunru.yang-adm@loreal.com,,,,,,,,,,,,
363f0f4d-879f-44b5-bcf3-4e2e50852cf9,AZURE CN DAT BTDP INGESTION PROD,1a7fa67a-149a-46df-97eb-4626afcbdf34,欧莱雅（中国）有限公司,V5702206S0380,hongyan2.sun@loreal.com,luffy.zhou@loreal.com,yunru.yang-adm@loreal.com,,,,,,,,,,,,
428300df-ab32-48b6-a428-b19ae8b25380,AZURE CN RGOO SHADEFINDER PROD,1a7fa67a-149a-46df-97eb-4626afcbdf34,欧莱雅（中国）有限公司,V5702206S0380,hongyan2.sun@loreal.com,luffy.zhou@loreal.com,yunru.yang-adm@loreal.com,,,,,,,,,,,,
32127055-52b4-4e2d-a5da-8d86ebf8ada2,AZURE CN DOMAIN254 APPIDENTIFIER ENV,1a7fa67a-149a-46df-97eb-4626afcbdf34,欧莱雅（中国）有限公司,V5702206S0380,hongyan2.sun@loreal.com,luffy.zhou@loreal.com,yunru.yang-adm@loreal.com,,,,,,,,,,,,
653832b7-5ae9-40f8-b0de-a853948120e5,AZURE CN DOMAIN260 APPIDENTIFIER ENV,1a7fa67a-149a-46df-97eb-4626afcbdf34,欧莱雅（中国）有限公司,V5702206S0380,hongyan2.sun@loreal.com,luffy.zhou@loreal.com,yunru.yang-adm@loreal.com,,,,,,,,,,,,
b5d35137-7b46-47f6-965f-94ce04d51a05,AZURE CN FSC SMART PLUS - CN PROD,1a7fa67a-149a-46df-97eb-4626afcbdf34,欧莱雅（中国）有限公司,V5702206S0380,hongyan2.sun@loreal.com,luffy.zhou@loreal.com,yunru.yang-adm@loreal.com,,,,,,,,,,,,
e5d385fa-94d9-4435-8b9f-a4b122898ae7,AZURE CN DOMAIN261 APPIDENTIFIER ENV,1a7fa67a-149a-46df-97eb-4626afcbdf34,欧莱雅（中国）有限公司,V5702206S0380,hongyan2.sun@loreal.com,luffy.zhou@loreal.com,yunru.yang-adm@loreal.com,,,,,,,,,,,,
12958d80-54cc-4da1-bda2-c48ca0d2fd83,AZURE CN DOMAIN265 APPIDENTIFIER ENV,1a7fa67a-149a-46df-97eb-4626afcbdf34,欧莱雅（中国）有限公司,V5702206S0380,hongyan2.sun@loreal.com,luffy.zhou@loreal.com,yunru.yang-adm@loreal.com,,,,,,,,,,,,
eccf1242-04b3-4987-ac66-e268a4682113,AZURE CN DGT CEH CDP NON PROD,1a7fa67a-149a-46df-97eb-4626afcbdf34,欧莱雅（中国）有限公司,V5702206S0380,hongyan2.sun@loreal.com,luffy.zhou@loreal.com,yunru.yang-adm@loreal.com,,,,,,,,,,,,
7848ccad-ad11-4163-bd3d-b1eb2b71f011,AZURE CN RGINF SHARED INFRA PROD,1a7fa67a-149a-46df-97eb-4626afcbdf34,欧莱雅（中国）有限公司,V5702206S0380,hongyan2.sun@loreal.com,luffy.zhou@loreal.com,yunru.yang-adm@loreal.com,,,,,,,,,,,,
55e6547e-9eb6-4993-a38b-8dee74ed7781,AZURE CN DOMAIN262 APPIDENTIFIER ENV,1a7fa67a-149a-46df-97eb-4626afcbdf34,欧莱雅（中国）有限公司,V5702206S0380,hongyan2.sun@loreal.com,luffy.zhou@loreal.com,yunru.yang-adm@loreal.com,,,,,,,,,,,,
67a84b2c-0672-4c43-822b-d10e84aae881,AZURE CN DOMAIN266 APPIDENTIFIER ENV,1a7fa67a-149a-46df-97eb-4626afcbdf34,欧莱雅（中国）有限公司,V5702206S0380,hongyan2.sun@loreal.com,luffy.zhou@loreal.com,yunru.yang-adm@loreal.com,,,,,,,,,,,,
4e62a436-e706-4daf-95a4-b63d57a33a48,AZURE CN DAT BTDP - CN NON PROD,1a7fa67a-149a-46df-97eb-4626afcbdf34,欧莱雅（中国）有限公司,V5702206S0380,hongyan2.sun@loreal.com,luffy.zhou@loreal.com,yunru.yang-adm@loreal.com,,,,,,,,,,,,
a0b7d51d-735b-434e-b0ac-5ed67a52da49,AZURE CN DAT BTDP VIRTUALIZATION NON PROD,1a7fa67a-149a-46df-97eb-4626afcbdf34,欧莱雅（中国）有限公司,V5702206S0380,hongyan2.sun@loreal.com,luffy.zhou@loreal.com,yunru.yang-adm@loreal.com,,,,,,,,,,,,
dc80a3d3-3998-49b1-a012-f0de001a5924,AZURE CN DAT BTDP - CN PROD,1a7fa67a-149a-46df-97eb-4626afcbdf34,欧莱雅（中国）有限公司,V5702206S0380,hongyan2.sun@loreal.com,luffy.zhou@loreal.com,yunru.yang-adm@loreal.com,,,,,,,,,,,,
024d4d77-8852-4eed-a47e-20b34d9c61ac,HDISTU05,d58ade8f-9dd2-4373-aea1-abebd00bb7e8,NA,NA,NA,,,,,,,,,,,,,,
29b857f5-54ba-4146-b3ee-fdd878923bf2,RPC-China-EDA-DEV,fce3c4e1-ae42-4497-bdbe-2ae8c5d7f705,NA,NA,NA,,,,,,,,,,,,,,
399c0120-a4cc-4929-8cf8-545693b446cf,RPC-China-EDA-QAS,fce3c4e1-ae42-4497-bdbe-2ae8c5d7f705,NA,NA,NA,,,,,,,,,,,,,,
3fc3050f-7c2f-428f-94a4-652b0689f65a,RPC-China-EDA-PRD,fce3c4e1-ae42-4497-bdbe-2ae8c5d7f705,NA,NA,NA,,,,,,,,,,,,,,
53d76054-4b70-4843-a10c-0c7e0acdd70b,a0079_SSMR_China_SNX,23130b51-1e98-4736-8f5e-75f31f4532d9,NA,NA,NA,,,,,,,,,,,,,,
37ac6716-192e-4367-858c-e3677c4669ff,a0061_China_SNX,23130b51-1e98-4736-8f5e-75f31f4532d9,NA,NA,NA,,,,,,,,,,,,,,
3d7ab19e-114c-428d-a8f8-cdd22b5e171b,WINDOWS AZURE 企业,71f156c2-8438-4d9e-84b7-d628a16964a8,中建材信息技术股份有限公司,V5702509S0153,renchangfu@cnbmtech.com,,,,,,,,,,,,,,
0d884684-a744-4724-afaa-c96c8e6773cb,WINDOWS AZURE INTERNAL CONSUMPTION,801508d2-6e7e-4aa7-ae38-74ab14746a85,NA,NA,NA,,,,,,,,,,,,,,
862fa56a-5394-4b89-afd2-9ce956ffc767,WINDOWS AZURE 内部消耗,c5775325-13ba-48d8-ae93-74c46c905edf,NA,NA,NA,,,,,,,,,,,,,,
bfcb2213-66ca-4786-9f24-9632b1a8f90b,Windows Azure 企业,c950dff6-5718-4d40-baa7-315af247bb01,NA,NA,NA,,,,,,,,,,,,,,
16edc394-906c-4d7b-a697-ccab6baf23ee,万物云,e7066871-06f6-4ad8-b048-767963557525,深圳市伊登软件有限公司,V5702306S0358,zhaoql@10moons.com,,,,,,,,,,,,,,
a15354eb-7827-4177-9745-7abe704ab8e9,N/A,e7066871-06f6-4ad8-b048-767963557525,NA,NA,NA,,,,,,,,,,,,,,
a9d5560a-cdf2-4f66-855f-4bcd0308340e,N/A,e7066871-06f6-4ad8-b048-767963557525,NA,NA,NA,,,,,,,,,,,,,,
c9db3957-4f85-4b50-8cf4-6e530747c6cd,EY-CTSBP-DEV-ASSURANCE-HELIX-CHINA-01-47039873-AT04,f1d90561-60bc-40d6-94c1-85eb84d02dfc,NA,NA,NA,,,,,,,,,,,,,,
c85eb3a9-c516-429d-b6ba-5e2663c337d6,EY-CTSBP-NON-PROD-CBS-MSP-01-47032820,f1d90561-60bc-40d6-94c1-85eb84d02dfc,NA,NA,NA,,,,,,,,,,,,,,
6926ed24-c5c7-4f55-900b-2353f4eb6b61,EY-CTSBP-NON-PROD-CT-DTPLUS-01-I-65707858,f1d90561-60bc-40d6-94c1-85eb84d02dfc,NA,NA,NA,,,,,,,,,,,,,,
5978f865-c6ae-450e-ae3b-039ebf7b6118,EY-CTSBP-PoC-Consulting-EYJNDeVCenter-01-19030508,f1d90561-60bc-40d6-94c1-85eb84d02dfc,NA,NA,NA,,,,,,,,,,,,,,
2311f4d9-c5d5-46e2-bed7-de2a953fd735,标准预付套餐,2f4ed68a-0fce-489b-87c6-0db3d12bf57f,NA,NA,NA,,,,,,,,,,,,,,
a2dddd0a-87f2-407b-8a77-1bfff2479d71,Amer-BI-Prod,2ff27548-aa96-44f0-832f-999d6d60e45b,NA,NA,NA,,,,,,,,,,,,,,
cfd543d4-5265-49cc-a4fe-f80d3fbbaa16,cdh-azure-consumer-prod,3b7d3726-d7bb-4311-a24e-2e2961fc6c39,NA,NA,NA,,,,,,,,,,,,,,
b250c2bb-10ed-4725-9d67-42bd56b595b0,CDH-Azure-Resource-test,3b7d3726-d7bb-4311-a24e-2e2961fc6c39,NA,NA,NA,,,,,,,,,,,,,,
56faf93f-cbbf-4f8f-b839-b502365d8613,otd-azure-provider-test,3b7d3726-d7bb-4311-a24e-2e2961fc6c39,NA,NA,NA,,,,,,,,,,,,,,
ad2d8ca1-2cf5-4bed-afce-d413eb4a209d,cdh-azure-provider-demo-test,3b7d3726-d7bb-4311-a24e-2e2961fc6c39,NA,NA,NA,,,,,,,,,,,,,,
1148e4c0-c1f4-4c59-905a-b62dee63b79b,BBA_OtD_VDM-prod,3b7d3726-d7bb-4311-a24e-2e2961fc6c39,NA,NA,NA,,,,,,,,,,,,,,
4dbc713a-4595-4eb5-97cd-fb77a3d66896,DP_PrediMA_prod-prod,3b7d3726-d7bb-4311-a24e-2e2961fc6c39,NA,NA,NA,,,,,,,,,,,,,,
5af2ee99-1a5b-4c98-81bf-7d19ecd60d7e,OtD_Test_N3-test,3b7d3726-d7bb-4311-a24e-2e2961fc6c39,NA,NA,NA,,,,,,,,,,,,,,
142ff609-8e53-43ec-9d00-ed0f83b6f018,cdh-azure-provider-demo-int,3b7d3726-d7bb-4311-a24e-2e2961fc6c39,NA,NA,NA,,,,,,,,,,,,,,
c886d9db-e0d9-4f72-92c9-a086c4f19982,cdh-azure-consumer-demo-test,3b7d3726-d7bb-4311-a24e-2e2961fc6c39,NA,NA,NA,,,,,,,,,,,,,,
9d1ebdba-afae-4a36-974b-7725555d9e98,e2eBI_new-int,3b7d3726-d7bb-4311-a24e-2e2961fc6c39,NA,NA,NA,,,,,,,,,,,,,,
dae575ec-e70c-4476-bf75-1275918fd33d,OtD_Prod-prod,3b7d3726-d7bb-4311-a24e-2e2961fc6c39,NA,NA,NA,,,,,,,,,,,,,,
cb539f0d-7230-4eff-a1f8-297d11299e84,WARRANTY-dev,3b7d3726-d7bb-4311-a24e-2e2961fc6c39,NA,NA,NA,,,,,,,,,,,,,,
a201bd43-cdd9-46e0-bea2-22005b5d1b4c,cdh-azure-consumer-demo-int,3b7d3726-d7bb-4311-a24e-2e2961fc6c39,NA,NA,NA,,,,,,,,,,,,,,
fc123303-2edc-4936-95e4-aa3bc73f1c5f,DP_PrediMA_Dev-dev,3b7d3726-d7bb-4311-a24e-2e2961fc6c39,NA,NA,NA,,,,,,,,,,,,,,
a3d75a57-f450-4d5a-97f2-06eece0d48d6,BBA_GEN6_QualityShopfloorAnalytics-prod,3b7d3726-d7bb-4311-a24e-2e2961fc6c39,NA,NA,NA,,,,,,,,,,,,,,
9dea67be-ec06-47ea-a07d-ae72dfe823b7,bba-resouce-account-prod,3b7d3726-d7bb-4311-a24e-2e2961fc6c39,NA,NA,NA,,,,,,,,,,,,,,
533888c4-37d8-46de-9122-f1220025764b,CDH-Azure-provider-basic,3b7d3726-d7bb-4311-a24e-2e2961fc6c39,NA,NA,NA,,,,,,,,,,,,,,
4db810ab-e6d5-43ce-9494-acc01c535750,CDH-Azure-basic,3b7d3726-d7bb-4311-a24e-2e2961fc6c39,NA,NA,NA,,,,,,,,,,,,,,
a6c76a52-e846-4ca8-a1c7-3467397ab81f,cdh-azure-provider-prod,3b7d3726-d7bb-4311-a24e-2e2961fc6c39,NA,NA,NA,,,,,,,,,,,,,,
c36c0cdd-bee0-4ec3-a220-a732a7fdbe6c,bba-resource-account-int,3b7d3726-d7bb-4311-a24e-2e2961fc6c39,NA,NA,NA,,,,,,,,,,,,,,
46163a7a-d666-4667-b99b-3c7c2f557919,OtD_DataAI-Test,3b7d3726-d7bb-4311-a24e-2e2961fc6c39,NA,NA,NA,,,,,,,,,,,,,,
cbb7dc29-e220-4aac-8a10-14cb154e03d8,dassp-test,3b7d3726-d7bb-4311-a24e-2e2961fc6c39,NA,NA,NA,,,,,,,,,,,,,,
e6fea107-c2b6-412f-86c3-8bf2024277fd,ASMS内部测试订阅-胡凡林,a837fd61-af27-4668-ba47-efba2f17c5a4,NA,NA,NA,,,,,,,,,,,,,,
2d7973bf-4e6c-4637-8cc7-59f9e31299ee,ASMS内部测试订阅-宁靖雯,a837fd61-af27-4668-ba47-efba2f17c5a4,Test_Test_JUL18MSLED_AZMOD测试1,A5701807U0101,ai.wenxia@oe.21vianet.com,Bill123@daisy234.partner.onmschina.cn,v-frawon@microsoft.com,v-slevaku@microsoft.com,yang.tian3@oe.21vianet.com,,,,,,,,,,
37eed6a0-b441-4d96-be90-12ee45e68750,ASMS内部测试订阅-伏雯瑜,a837fd61-af27-4668-ba47-efba2f17c5a4,Test_Test_JUL18MSLED_AZMOD测试1,A5701807U0101,ai.wenxia@oe.21vianet.com,Bill123@daisy234.partner.onmschina.cn,v-frawon@microsoft.com,v-slevaku@microsoft.com,yang.tian3@oe.21vianet.com,,,,,,,,,,
703f0238-a157-4350-b485-c2bbdf7e8477,Windows Azure Enterprise,a837fd61-af27-4668-ba47-efba2f17c5a4,Test_Test_JUL18MSLED_AZMOD测试1,A5701807U0101,ai.wenxia@oe.21vianet.com,Bill123@daisy234.partner.onmschina.cn,v-frawon@microsoft.com,v-slevaku@microsoft.com,yang.tian3@oe.21vianet.com,,,,,,,,,,
d3fc45fe-bbe6-44f8-a27b-66ba17185fce,WINDOWS AZURE 企业,a837fd61-af27-4668-ba47-efba2f17c5a4,Test_Test_JUL18MSLED_AZMOD测试2,A5701807U0201,ai.wenxia@oe.21vianet.com,daisywang1102@hotmail.com,dj1546214203@163.com,Engineeringtest@daisy234.partner.onmschina.cn,jing0929@daisy234.partner.onmschina.cn,psinha@microsoft.com,v-duji@microsoft.com,v-frawon@microsoft.com,wang.jing9@oe.21vianet.com,yang.suyun@oe.21vianet.com,,,,,
8bae9a86-50e7-410c-aaad-71b7c9e5e0eb,OSPA-IVEY-TEST,a837fd61-af27-4668-ba47-efba2f17c5a4,NA,NA,NA,,,,,,,,,,,,,,
27221244-2761-4d96-830a-6b988383b4ac,WINDOWS AZURE 企业,a837fd61-af27-4668-ba47-efba2f17c5a4,NA,NA,NA,,,,,,,,,,,,,,
16a13de8-4462-4256-af4a-a3b11d469d4a,WINDOWS AZURE ENTERPRISE,a837fd61-af27-4668-ba47-efba2f17c5a4,NA,NA,NA,,,,,,,,,,,,,,
89a8b7c9-a142-466a-9162-66dbb62e4e4c,WINDOWS AZURE ENTERPRISE,a837fd61-af27-4668-ba47-efba2f17c5a4,Test_Test_JUL18MSLED_AZMOD测试2,A5701807U0101,ai.wenxia@oe.21vianet.com,Bill123@daisy234.partner.onmschina.cn,v-frawon@microsoft.com,v-slevaku@microsoft.com,yang.tian3@oe.21vianet.com,,,,,,,,,,
855deb99-26d9-409a-a63a-99aa64684127,WINDOWS AZURE ENTERPRISE,a837fd61-af27-4668-ba47-efba2f17c5a4,NA,NA,NA,,,,,,,,,,,,,,
b3ee7f3f-9583-41d3-a72b-d29bc2b46b04,WINDOWS AZURE ENTERPRISE,a837fd61-af27-4668-ba47-efba2f17c5a4,NA,NA,NA,,,,,,,,,,,,,,
fbea1ead-1706-4f11-9791-dea7d084e2c8,Data Solution China,d6c4cbb5-8326-4545-b249-73a1ee75d32d,NA,NA,NA,,,,,,,,,,,,,,
f868baf8-6dcd-4bb3-aa9f-9435636082d7,WINDOWS AZURE 企业,0794b7e0-6cab-40c4-b734-baca6482d510,资生堂（中国）投资有限公司,V5702308S0473,frank.du@shiseido.cn,hanqing.liu@shiseido.cn,oth002428@shiseido.cn,oth002429@shiseido.cn,oth002431@shiseido.cn,wenxuan.huang@shiseido.cn,zhexin.sun@shiseido.cn,zhouqi.zhang@shiseido.cn,,,,,,,
4e7d19f2-0c2e-40d5-88dd-26d29a3f1ba4,WENQ INTERNAL CHINA SUBSCRIPTION,0baa2437-ec93-43d8-8d80-be87cd46045a,NA,NA,NA,,,,,,,,,,,,,,
90249861-726c-4ae4-8cfc-4fc9cd71b592,WINDOWS AZURE INTERNAL CONSUMPTION 2,34972191-9b19-4764-b97f-75aba9d99392,NA,NA,NA,,,,,,,,,,,,,,
7917524c-cdf2-4098-82cb-d42d8ff44fd7,内部使用,65498c68-773b-481d-8d13-bcd479d5e9e3,NA,NA,NA,,,,,,,,,,,,,,
f26276c1-382d-4cfb-a45f-ff0779ef58a0,WINDOWS AZURE INTERNAL CONSUMPTION,a1d2bc6c-abbf-47d7-98fe-1b4cc3f5ce06,NA,NA,NA,,,,,,,,,,,,,,
15c7cd1f-3a71-4f24-8570-4ce742638bf9,CBG CS TEST,ee37a68e-90ae-4d37-b680-7bad2134741b,北京神州数码云计算有限公司,V5702306S0363,jinyja@digitalchina.com,liangyx1@digitalchina.com,liangyxl@digitalchina.com,,,,,,,,,,,,
bbb3b26c-f3f5-437f-b3ea-5c7c42cf238a,FL Dev China,ee5793f3-021d-4827-8681-214ac4c454b6,NA,NA,NA,,,,,,,,,,,,,,
8352ce91-a721-4e45-a636-5b1554f116ab,Production China - Data Analytics Framework,ee5793f3-021d-4827-8681-214ac4c454b6,NA,NA,NA,,,,,,,,,,,,,,
6bdcefa2-e2ca-47b0-be4c-1dd203862510,WINDOWS AZURE ENTERPRISE,82365596-6594-42d6-ab48-3246cda9b9e1,中建材信息技术股份有限公司,V5702510S0189,renchangfu@cnbmtech.com,,,,,,,,,,,,,,
4fb7f6d6-2f7d-4892-85e4-99cfdda2252c,WINDOWS AZURE INTERNAL CONSUMPTION,3b1618ef-86a7-49e8-99ec-3089a409480f,NA,NA,NA,,,,,,,,,,,,,,
5b0cdd3f-625f-40a5-8c30-280d2f60ec99,Windows Azure Enterprise,554e4620-89d2-45ff-9e0c-8f411f123244,NA,NA,NA,,,,,,,,,,,,,,
65d5e1a3-21e2-4570-ae46-4c860e95b51f,Zoetis EA China DEVELOPMENT,7e8cef9c-76e8-4886-961f-eb713eade6d1,NA,NA,NA,,,,,,,,,,,,,,
ea49b51e-0d34-4bd8-a2d8-eaab7e14c286,Zoetis EA China  PRODUCTION,7e8cef9c-76e8-4886-961f-eb713eade6d1,NA,NA,NA,,,,,,,,,,,,,,
263f665e-adc2-4a3e-91d7-74c3c7653141,Zoetis EA China QA,7e8cef9c-76e8-4886-961f-eb713eade6d1,NA,NA,NA,,,,,,,,,,,,,,
b51d5cd9-ba68-482a-8208-cefe0ee5fed0,Bestseller Centric,8a4d1a69-729a-4ab6-81df-a582d1ba9ecf,NA,NA,NA,,,,,,,,,,,,,,
297475bb-5bb2-47c4-98b2-1644f5c8f0e8,MSE,8ba21fd0-012b-4849-8454-918e78b00eff,中建材信息技术股份有限公司,V5702509S0153,renchangfu@cnbmtech.com,,,,,,,,,,,,,,
f2ac63ba-3356-4229-8dda-ceaea43650a1,WINDOWS AZURE 内部消耗,f821d10b-1873-4afb-8737-5e10e8a84492,NA,NA,NA,,,,,,,,,,,,,,
df1619cb-34bc-4c2a-901a-c827f9dc6d24,TEST,1ed2ccb1-7919-4abc-9322-9e9a5b1889a1,NA,NA,NA,,,,,,,,,,,,,,
caaa398d-f18a-4f12-b320-63d92665c12e,WINDOWS AZURE 企业,1ed2ccb1-7919-4abc-9322-9e9a5b1889a1,中建材信息技术股份有限公司,V5702602S0015,renchangfu@cnbmtech.com,,,,,,,,,,,,,,
e2b2985a-1a1d-4bc0-8063-323853797a44,AML Azure Subscription,9708d189-814d-4a0c-8fad-24fc7644dfd6,NA,NA,NA,,,,,,,,,,,,,,
4187a2cb-1699-4754-b930-7018246e8692,N/A,b70bce37-0b5f-4206-bf94-1385bd1b23a1,NA,NA,NA,,,,,,,,,,,,,,
72469c08-3871-4252-ae5e-1d920610e376,bsh-cloud-datalake-dev-n3,c59520f7-7d4b-469e-9582-625c4ca45c82,NA,NA,NA,,,,,,,,,,,,,,
3004aab8-4ee3-4f30-b59a-7c13ec07c93b,bsh-cloud-dev,c59520f7-7d4b-469e-9582-625c4ca45c82,NA,NA,NA,,,,,,,,,,,,,,
992476d5-e74d-427d-9584-84ea7723b562,UFS-DMP,c59520f7-7d4b-469e-9582-625c4ca45c82,NA,NA,NA,,,,,,,,,,,,,,
037cdebd-56ce-45d7-8ae2-5b5a90a3c178,bsh-cloud-solution-migration,c59520f7-7d4b-469e-9582-625c4ca45c82,NA,NA,NA,,,,,,,,,,,,,,
dd03a0e6-3888-4be5-b60b-39fcb6ffc4b4,bsh-cloud-production,c59520f7-7d4b-469e-9582-625c4ca45c82,NA,NA,NA,,,,,,,,,,,,,,
a94fcd6a-e735-470d-b889-8787f2d789b1,bsh-cloud-datalake-prod-n3,c59520f7-7d4b-469e-9582-625c4ca45c82,NA,NA,NA,,,,,,,,,,,,,,
48857a59-800f-40f6-a9e8-eb2ded6d1fcf,bsh-sandbox-datalake,c59520f7-7d4b-469e-9582-625c4ca45c82,NA,NA,NA,,,,,,,,,,,,,,
5911121e-de28-4023-aab9-f4eee126b290,bsh-cloud-datalake-prod-e3,c59520f7-7d4b-469e-9582-625c4ca45c82,NA,NA,NA,,,,,,,,,,,,,,
fe68fe49-1823-42d3-80e4-1910ba4fadf7,OTN_2020_DEV,b1744af2-924b-4e95-82dd-69bc52e95bb7,NA,NA,NA,,,,,,,,,,,,,,
5b8b09f1-d741-4160-ba43-f5c23bba4c93,OTN_DEV,b1744af2-924b-4e95-82dd-69bc52e95bb7,NA,NA,NA,,,,,,,,,,,,,,
b8b8e752-a49c-4f17-b6dc-83a40d353dad,OTN_PRD,b1744af2-924b-4e95-82dd-69bc52e95bb7,NA,NA,NA,,,,,,,,,,,,,,
47d10ad6-1442-4ca2-b235-dd84eb0bd2bc,WINDOWS AZURE INTERNAL CONSUMPTION,1727eaa4-2bbb-4f8f-9926-ca49f3a32f22,NA,NA,NA,,,,,,,,,,,,,,
071f838e-719d-4225-939d-e9c97c71c006,IoT Lab,2a7b0bd4-4a02-4b69-8f3c-9902e72d3c5e,NA,NA,NA,,,,,,,,,,,,,,
ee2737e1-f6a7-49ca-96c3-96ab5d7756bc,37134-Lukailin-Demo,5ae310ec-a872-4e3d-8261-0723de655c81,NA,NA,NA,,,,,,,,,,,,,,
1230102a-a2ec-4be5-80c4-45a06b8aa614,101079838-yangchen-bmw_adp,5ae310ec-a872-4e3d-8261-0723de655c81,NA,NA,NA,,,,,,,,,,,,,,
295ebd11-af7c-478f-ad7e-b7c6ff5702ae,ST-CLOUD VDC-AP,965ddefc-c11d-4b5c-a4ec-db5f7b68b6dc,参天制药（中国）有限公司,V5702307S0395,CHE00337-AP@santen-china.com.cn,gordon_gu@flyingnets.com,yimin.gong@santen.com,,,,,,,,,,,,
8b790527-6c18-4087-9abd-dc32585af006,N/A,a63784fa-4800-4ece-881c-aa91e513bc2a,NA,NA,NA,,,,,,,,,,,,,,
343a0b87-962e-44ef-8c7d-0576a45190fd,AVANADE CHINA 2.0,2f82deb0-8bc3-4616-b9b2-dc4739399aec,NA,NA,NA,,,,,,,,,,,,,,
98ca4f66-1b3a-4fe8-adc8-a5efc4089873,China Hosting Cloud 1.0 Dev 1,2f82deb0-8bc3-4616-b9b2-dc4739399aec,NA,NA,NA,,,,,,,,,,,,,,
3f7d0847-804b-4078-bcaf-5cd0484f2087,EA,5e3ef31b-7eda-4a53-83f3-177471c55806,NA,NA,NA,,,,,,,,,,,,,,
a24cfde7-6485-4d6a-bfd6-e78e6738ab4d,NONPROD,9d61a4d7-6416-4b63-bb66-f9324927a372,NA,NA,NA,,,,,,,,,,,,,,
0f8520dc-3510-4fb5-b0b7-dc34bda1149e,PROD,9d61a4d7-6416-4b63-bb66-f9324927a372,NA,NA,NA,,,,,,,,,,,,,,
9d36ef10-f1d9-47e0-ad5d-f1029f16fef9,Security Hub,9d61a4d7-6416-4b63-bb66-f9324927a372,NA,NA,NA,,,,,,,,,,,,,,
2c93704f-33d6-441c-96a6-8fb7b46613c9,WINDOWS AZURE 企业,a4864bf9-98be-4920-aa5f-53a232789e64,NA,NA,NA,,,,,,,,,,,,,,
0ef7d4fa-fccb-430f-a160-5148d04534dd,N/A,1661b9b3-8061-451f-8a1b-85466acf77ac,NA,NA,NA,,,,,,,,,,,,,,
590ec165-35d3-4337-8262-6f38b3941b7e,Windows Azure 企业,4efa7cdc-d911-435c-9e5c-4a062e711417,NA,NA,NA,,,,,,,,,,,,,,
3cc5b38c-0543-4bf4-a221-33c2f7582baf,Windows Azure Enterprise,75b47249-93f8-4036-9c2f-5070cd9139f7,NA,NA,NA,,,,,,,,,,,,,,
eac1f749-a155-4fa1-ab16-e26d0a1e4c75,Windows Azure Enterprise,2a649024-5dda-4035-b96d-9fc54aece675,NA,NA,NA,,,,,,,,,,,,,,
150856cf-3788-4c44-bdcc-2fba98f21caf,DEMO,39e838d0-5dac-47ed-bdd3-0e01cf66443f,NA,NA,NA,,,,,,,,,,,,,,
fde07104-b312-4164-96db-8d7523b7e08e,SUB-MUJI-SHARE-DATA,5a74d9cd-c062-4b89-9dc0-d16c5db3a5b7,无印良品（上海）商业有限公司,V5702108S0471,zhaoyansen@muji.com.cn,,,,,,,,,,,,,,
c7d0aaf3-61e7-48c4-b5a5-81bd24b408ea,WINDOWS AZURE 内部消耗,7aec5416-15b6-4052-a252-326850123168,NA,NA,NA,,,,,,,,,,,,,,
4e7b9195-012b-43e0-8f80-4f82c901e575,WINDOWS AZURE 企业,a161a0b7-fc44-4185-bed8-093c4cbd8e4e,NA,NA,NA,,,,,,,,,,,,,,
7ece2d58-8418-45cb-a911-f009bd3a455e,Alix China,f7fbb34a-894e-4e3e-a5a1-496fee0790e6,NA,NA,NA,,,,,,,,,,,,,,
d2d4f76a-c5f2-4014-ba99-6385159d3f07,KAWANG_CN,2c89f388-1464-4d1d-b372-20adc25e6b4d,NA,NA,NA,,,,,,,,,,,,,,
38db9c2d-0b36-415a-8112-a00c1006fdf9,live-dragon,3e496cae-13ab-42c7-9c8a-c304df289e7b,NA,NA,NA,,,,,,,,,,,,,,
74c15957-7570-416c-96c0-d410228045f9,sgschina-cne2-01,71998e83-95cd-406c-94a7-699cc90b0c2b,NA,NA,NA,,,,,,,,,,,,,,
3e600e64-be35-4347-93d5-2fb9f421a441,SGSCN PROD SUBSCRIPTION,7520ec48-68f6-4c4e-853c-f0ca86def17d,索尼信息系统（中国）有限公司上海分公司,V5702602S0012,Jeffery.Yu@sony.com,,,,,,,,,,,,,,
84fc9cb0-2c61-4711-81f3-3c3fe611f9bf,SGSCN NON-PRODUCTION SUBSCRIPTION,7520ec48-68f6-4c4e-853c-f0ca86def17d,索尼信息系统（中国）有限公司上海分公司,V5702602S0012,Jeffery.Yu@sony.com,,,,,,,,,,,,,,
269f3810-85ac-47d6-8469-58976bf763a4,订阅 1,c86e9978-7bec-490c-bc86-1195ad7a2b70,NA,NA,NA,,,,,,,,,,,,,,
8cf1045d-f235-4fd3-beff-c67785d438b1,WINDOWS AZURE INTERNAL CONSUMPTION,df8bdf48-81f5-4582-a8a2-6f2a02702ff0,NA,NA,NA,,,,,,,,,,,,,,
ef3f968c-12ea-4e88-8e5e-989eadebd3e7,CDH-Provider,06581298-61cc-4227-a629-e4f6347204f7,NA,NA,NA,,,,,,,,,,,,,,
e659f848-73ff-41c6-a0a5-f8f55a2a23f3,CDH-Resource-Account,06581298-61cc-4227-a629-e4f6347204f7,NA,NA,NA,,,,,,,,,,,,,,
6ce64df1-1845-429a-af7e-8b562177281f,CDH-UseCase,06581298-61cc-4227-a629-e4f6347204f7,NA,NA,NA,,,,,,,,,,,,,,
ef74ae4d-2fcd-443c-90ff-bbd9dcc0997d,CDH-API-Account,06581298-61cc-4227-a629-e4f6347204f7,NA,NA,NA,,,,,,,,,,,,,,
abf04931-4c38-410f-85fd-ab8d0fe8f465,zhs082104-test,06581298-61cc-4227-a629-e4f6347204f7,NA,NA,NA,,,,,,,,,,,,,,
19c0387d-3ada-43b5-84cf-bd70f6528b86,CA5T0_Sub_DataLake,5627f550-0a30-484b-93cf-6d27e6bcd89e,NA,NA,NA,,,,,,,,,,,,,,
4e1aa6a5-1a97-4f14-b93a-c18ab9d8cb51,CA6T0_SUB_MIC-NONPROD-CN-CHINANORTH3-FLOW,5627f550-0a30-484b-93cf-6d27e6bcd89e,NA,NA,NA,,,,,,,,,,,,,,
3d1b2cec-67b9-4eeb-b6f4-07c3755a91cc,8S0_Sub_ITTDevSub,5627f550-0a30-484b-93cf-6d27e6bcd89e,NA,NA,NA,,,,,,,,,,,,,,
9805e2e6-1efa-4f95-8844-f7d62f34e507,8P0_Sub_bebest,5627f550-0a30-484b-93cf-6d27e6bcd89e,NA,NA,NA,,,,,,,,,,,,,,
3cf701a0-d887-4017-8ba8-455c64fff0e3,8P0_Sub_bsds,5627f550-0a30-484b-93cf-6d27e6bcd89e,NA,NA,NA,,,,,,,,,,,,,,
e4710726-faff-45cb-8d38-7c2b22c7443e,8P0_Sub_DSS,5627f550-0a30-484b-93cf-6d27e6bcd89e,NA,NA,NA,,,,,,,,,,,,,,
11b2250a-2b10-44d4-a98e-6b1b65c48e96,ZU0_Sub_OTR,5627f550-0a30-484b-93cf-6d27e6bcd89e,NA,NA,NA,,,,,,,,,,,,,,
62c29a58-3d33-486f-ab7a-bdf385cf6a57,CA6T0_SUB_MIC-PROD-CN-CHINANORTH3-CN-ADB,5627f550-0a30-484b-93cf-6d27e6bcd89e,NA,NA,NA,,,,,,,,,,,,,,
5eb6827c-8c0b-40ba-8e1d-37a19da6c850,CA6T0_SUB_MIC-PROD-CN-CHINANORTH3-CN-AIAG,5627f550-0a30-484b-93cf-6d27e6bcd89e,NA,NA,NA,,,,,,,,,,,,,,
4251b62a-9bf0-4723-8688-c688061a3ba2,8P0_Sub_PSVD,5627f550-0a30-484b-93cf-6d27e6bcd89e,NA,NA,NA,,,,,,,,,,,,,,
4b616b70-8f7a-49c4-91be-9fd1076f7335,CA6T0_SUB_MIC-PROD-CN-CHINANORTH3-FLOW,5627f550-0a30-484b-93cf-6d27e6bcd89e,NA,NA,NA,,,,,,,,,,,,,,
054a80a1-d8a0-457e-ab8b-3d87ac32afd9,VP0_Sub_MMDC,5627f550-0a30-484b-93cf-6d27e6bcd89e,NA,NA,NA,,,,,,,,,,,,,,
1d0abbc0-9038-4aea-a4b8-c16ec6c2013e,CA6T0_Sub_MIC-NONPROD-CN-CNEAST2-OUDW,5627f550-0a30-484b-93cf-6d27e6bcd89e,NA,NA,NA,,,,,,,,,,,,,,
d7785314-c82e-403a-9a71-8aac3cd8ea29,8P0_Sub_NEV,5627f550-0a30-484b-93cf-6d27e6bcd89e,NA,NA,NA,,,,,,,,,,,,,,
07c02bde-83cb-47bb-9a83-ca26c02bb4e0,MIC-DEV-CN-CHINAEAST-NOTIFICATION,5627f550-0a30-484b-93cf-6d27e6bcd89e,NA,NA,NA,,,,,,,,,,,,,,
864b921c-a889-4f24-8923-51ef6b95a461,CA6T0_SUB_PROD-CN-CHINANORTH3-UCP-CMDS,5627f550-0a30-484b-93cf-6d27e6bcd89e,NA,NA,NA,,,,,,,,,,,,,,
d02799bc-ba9c-4b72-99ac-ab3155468495,ZT0_Sub_OTR+,5627f550-0a30-484b-93cf-6d27e6bcd89e,NA,NA,NA,,,,,,,,,,,,,,
38908b5e-2f6b-4131-b23f-0ece14ff1059,CA6T0_Sub_MIC-PROD-CN-CHINAEAST2-SDS,5627f550-0a30-484b-93cf-6d27e6bcd89e,NA,NA,NA,,,,,,,,,,,,,,
24c8f070-fc2a-4e21-8382-3bf43e35c5a3,VT0_Sub_MMDC,5627f550-0a30-484b-93cf-6d27e6bcd89e,NA,NA,NA,,,,,,,,,,,,,,
9a75d0af-28cf-418f-a4e0-d749f5b910eb,CA6T0_SUB_MIC-NONPROD-CN-CHINANORTH3-CBDTPROXY,5627f550-0a30-484b-93cf-6d27e6bcd89e,NA,NA,NA,,,,,,,,,,,,,,
2f71d616-a67b-4b8e-9158-4e16e2cdfa90,VD0_Sub_MMDC,5627f550-0a30-484b-93cf-6d27e6bcd89e,NA,NA,NA,,,,,,,,,,,,,,
ff006b67-44e3-46f5-aaa2-f6a1abe2b3f8,8P0_Sub_pcscn,5627f550-0a30-484b-93cf-6d27e6bcd89e,NA,NA,NA,,,,,,,,,,,,,,
37409ee5-f1b9-4129-85b5-31fbdac86ee7,8T0_Sub_Inspektor,5627f550-0a30-484b-93cf-6d27e6bcd89e,NA,NA,NA,,,,,,,,,,,,,,
412aa819-0f15-438d-ae73-e202c1cdaae2,8P0_Sub_WARP,5627f550-0a30-484b-93cf-6d27e6bcd89e,NA,NA,NA,,,,,,,,,,,,,,
9d8c2681-c00f-42f2-8c39-cdd3d68ada23,8P0_Sub_DIP,5627f550-0a30-484b-93cf-6d27e6bcd89e,NA,NA,NA,,,,,,,,,,,,,,
f4ca6711-51ed-4377-9aed-91fa2c0a5a4d,CA6T0_SUB_MIC-NONPROD-CN-CHINANORTH3-DOJO,5627f550-0a30-484b-93cf-6d27e6bcd89e,NA,NA,NA,,,,,,,,,,,,,,
bccbcd7a-4a57-48e9-8023-83251b0056f0,CA6T0_SUB_MIC-NONPROD-CN-CHINANORTH3-CN-AIAG,5627f550-0a30-484b-93cf-6d27e6bcd89e,NA,NA,NA,,,,,,,,,,,,,,
b6c0d090-0160-457a-9c8f-eba6cf949f3c,CA6T0_Sub_MIC-CHINA-MICCMBI,5627f550-0a30-484b-93cf-6d27e6bcd89e,NA,NA,NA,,,,,,,,,,,,,,
a3bf7c85-ac91-46ed-b203-3bd29fb7bc46,8P0_Sub_NetworkCN,5627f550-0a30-484b-93cf-6d27e6bcd89e,NA,NA,NA,,,,,,,,,,,,,,
67682335-86a9-44d7-807a-a8e85016073d,CA6T0_Sub_MIC-NONPROD-CN-CHINAEAST2-CPONE,5627f550-0a30-484b-93cf-6d27e6bcd89e,NA,NA,NA,,,,,,,,,,,,,,
101eed11-9db7-4221-8197-314b47799766,MIC-PROD-CN-CHINANORTH3-MICCM,5627f550-0a30-484b-93cf-6d27e6bcd89e,NA,NA,NA,,,,,,,,,,,,,,
2042819d-a1ea-4595-b755-270f8c21c892,CA6T0_Sub_MIC-PROD-CN-CNEAST2-OUDW,5627f550-0a30-484b-93cf-6d27e6bcd89e,NA,NA,NA,,,,,,,,,,,,,,
7d748345-313f-4876-b29a-948cd12b0f00,CA6T0_SUB_NONPROD-CN-CHINANORTH3-UCP-CMDS,5627f550-0a30-484b-93cf-6d27e6bcd89e,NA,NA,NA,,,,,,,,,,,,,,
9ac0ac26-d779-4e79-8c56-ae17c49036fa,8P0_Sub_FinOps,5627f550-0a30-484b-93cf-6d27e6bcd89e,NA,NA,NA,,,,,,,,,,,,,,
a86d2fe2-73e6-4cc9-9eef-4d39839bffeb,CA6T0_SUB_MIC-NONPROD-CN-CHINANORTH3-CN-ADB,5627f550-0a30-484b-93cf-6d27e6bcd89e,NA,NA,NA,,,,,,,,,,,,,,
8967dc04-8779-4adc-a3c7-8784b3136e03,CA6T0_SUB_CN-CHINANORTH3-CMDS-MGMT,5627f550-0a30-484b-93cf-6d27e6bcd89e,NA,NA,NA,,,,,,,,,,,,,,
726f4590-095c-4bdb-b4ec-917d79a2b02e,CA6T0_SUB_MIC-NONPROD-CN-CHINANORTH3-TLG,5627f550-0a30-484b-93cf-6d27e6bcd89e,NA,NA,NA,,,,,,,,,,,,,,
2ff341c4-6bee-4f1c-ae6e-43c8d093181e,CA5P0_Sub_DataLake,5627f550-0a30-484b-93cf-6d27e6bcd89e,NA,NA,NA,,,,,,,,,,,,,,
ec21a424-39bf-472d-bd30-d4effde260d3,CA6T0_SUB_MIC-PROD-CN-CHINANORTH3-AQUA,5627f550-0a30-484b-93cf-6d27e6bcd89e,NA,NA,NA,,,,,,,,,,,,,,
0908804a-1cfb-4076-a008-fb0944fa46aa,MIC-NONPROD-CN-CHINANORTH3-MICCM,5627f550-0a30-484b-93cf-6d27e6bcd89e,NA,NA,NA,,,,,,,,,,,,,,
51c08979-30b1-4c68-955d-4abe3494efdd,CA6T0_Sub_MIC-INT-CN-CHINAEAST2-SDS,5627f550-0a30-484b-93cf-6d27e6bcd89e,NA,NA,NA,,,,,,,,,,,,,,
cd88538e-fb2a-4e64-b7bf-0104a20a42a2,sDNA-PROD,965c1cfb-c41a-4228-a391-d05adbc4163d,NA,NA,NA,,,,,,,,,,,,,,
13b8561c-66d7-474d-8bb0-b787d59d5e70,pep-prod-pcedf-01-sub,965c1cfb-c41a-4228-a391-d05adbc4163d,NA,NA,NA,,,,,,,,,,,,,,
ad0c6de2-9f7a-4771-bf09-7732313eceb1,乐智汇BI,965c1cfb-c41a-4228-a391-d05adbc4163d,NA,NA,NA,,,,,,,,,,,,,,
f26515d5-65fb-4795-a3a8-99b8805d54f0,sDNA-UAT,965c1cfb-c41a-4228-a391-d05adbc4163d,NA,NA,NA,,,,,,,,,,,,,,
6efecff2-bc67-47e0-9a6c-43464d3464dc,pep-nonprod-pcedf-01-sub,965c1cfb-c41a-4228-a391-d05adbc4163d,NA,NA,NA,,,,,,,,,,,,,,
bf64379c-5e4d-4964-9a50-f7ea69451bb1,ZELDA,ef85cd48-7098-4198-8ab9-c3c342005dfe,NA,NA,NA,,,,,,,,,,,,,,
08dfad09-b288-4c12-b4c7-cfd04c9b7e3e,WINDOWS AZURE 内部消耗,6c521f87-26a1-40f1-9ad3-f06162779028,NA,NA,NA,,,,,,,,,,,,,,
af1c9543-5759-41cb-9291-cb91be45ea0e,WINDOWS AZURE 内部消耗,7a346bd5-ed60-4c8c-89f8-e0f8ac60dde5,NA,NA,NA,,,,,,,,,,,,,,
615f3649-0ae2-449b-85fd-64d86db733dd,ABTCN Business Applications,c414ddcf-29cf-41f0-be5d-ebabad7f11a9,NA,NA,NA,,,,,,,,,,,,,,
92d183d9-d0f5-469d-b7a6-cf4b8bdaca0f,ECL-ITS-PROD,c6bd9c93-87d5-41f6-b09c-3b4a7cac5622,NA,NA,NA,,,,,,,,,,,,,,
fabbe621-1ce5-4ec4-9b25-b58c9a064471,ECL-ITS-NONP,c6bd9c93-87d5-41f6-b09c-3b4a7cac5622,NA,NA,NA,,,,,,,,,,,,,,
95ee3462-a7ff-45d0-851e-8eccc1b36694,ECL-SHR-NONP,c6bd9c93-87d5-41f6-b09c-3b4a7cac5622,NA,NA,NA,,,,,,,,,,,,,,
e1b68b77-b5b0-4dee-a9f1-e4a4b944eaf1,Windows Azure 企业,03688524-f2a7-4ad3-a91e-1b9cedb3fb7f,NA,NA,NA,,,,,,,,,,,,,,
153ae905-3f8f-4a71-b266-51c899321290,N/A,446f7182-30c5-427d-9056-006779131256,NA,NA,NA,,,,,,,,,,,,,,
87f48603-fb02-48f9-bb46-a24a1212edf0,N/A,446f7182-30c5-427d-9056-006779131256,NA,NA,NA,,,,,,,,,,,,,,
b3596d24-2c93-4ef5-b6d2-c4480f0ab310,Windows Azure Enterprise,329d4b2f-86a5-4ff2-8379-6115077cc394,NA,NA,NA,,,,,,,,,,,,,,
77d215cb-634b-4e42-83f4-77bed4c174c5,CN RD Azure Subscription,329d4b2f-86a5-4ff2-8379-6115077cc394,NA,NA,NA,,,,,,,,,,,,,,
27dd7caf-95cc-4db3-aaa6-84b8a3ef8651,iopdatacn-pro,36cf80fa-ccd9-476b-823c-7389a47cd5b7,NA,NA,NA,,,,,,,,,,,,,,
00c7769b-4d82-4ac9-93f1-0d90e9a77302,Windows Azure 企业,71897b23-ac6c-4ee9-8908-a41093fb86e9,NA,NA,NA,,,,,,,,,,,,,,
99e84a45-69cf-4e24-ae05-a89e1f8e4b1a,CMPDEMO,9f0609dc-0520-43ae-bb7d-19274993723f,中建材信息技术股份有限公司,V5702509S0153,renchangfu@cnbmtech.com,,,,,,,,,,,,,,
c6253725-d626-486e-ba73-592fb36c0e90,LOREAL SANDBOX,9f0609dc-0520-43ae-bb7d-19274993723f,中建材信息技术股份有限公司,V5702509S0153,renchangfu@cnbmtech.com,,,,,,,,,,,,,,
646e6df0-7523-4b76-99cd-fae322c1b072,IACDEMO,9f0609dc-0520-43ae-bb7d-19274993723f,中建材信息技术股份有限公司,V5702509S0153,renchangfu@cnbmtech.com,,,,,,,,,,,,,,
9900299f-351d-4bed-b735-c39101669fa2,提前支付(Converted to EA),ad139939-c241-4e85-9b05-652de75019c3,NA,NA,NA,,,,,,,,,,,,,,
a6b28be6-3b3e-41b7-bdfd-c59175b1860a,PRC-EDP,d7ad15c8-7b03-47cc-9697-53b408ea12a1,保乐力加(中国)贸易有限公司,V5702309S0534,fancy.li@lianwei.com.cn,harry.zhou@lianwei.com.cn,jacob.zhang@lianwei.com.cn,nora.nian@lianwei.com.cn,tiago.amaral@pernod-ricard.com,xinyang.yin@lianwei.com.cn,,,,,,,,,
5401f430-80c7-4806-8bfd-9fd3ae63995a,Yingzi-Stage,ddac88da-ce49-4a05-be55-65ff76529a2c,NA,NA,NA,,,,,,,,,,,,,,
cc2fb595-1a97-4bc0-b33e-8955f43d1b05,SANDBOX-SUBSCRIPTION,e5755c7f-f966-4b7c-aea1-bd3e2260bf7e,NA,NA,NA,,,,,,,,,,,,,,
e7df11e1-9298-4961-8cb1-ceb123683d34,IDENTITY-SUBSCRIPTION,e5755c7f-f966-4b7c-aea1-bd3e2260bf7e,NA,NA,NA,,,,,,,,,,,,,,
55e756f4-3a21-4b0a-88c3-ae4ff3fe912f,N/A,e5755c7f-f966-4b7c-aea1-bd3e2260bf7e,NA,NA,NA,,,,,,,,,,,,,,
e99bdf77-771f-4f55-aceb-947a842db84a,ELC-CN-PROD,f797a9ec-97d0-4c98-b2c9-0530a27638ee,NA,NA,NA,,,,,,,,,,,,,,
93be8cec-1449-48fd-8b0d-64a650f2f826,ELC-CN-NONPROD,f797a9ec-97d0-4c98-b2c9-0530a27638ee,NA,NA,NA,,,,,,,,,,,,,,
88a6c26a-bc7c-41ae-b319-ffc8ca7f02c9,DMC-Data Platform-DEV,7f824e5b-9f56-4c8d-adda-aeb38fa5c9c4,NA,NA,NA,,,,,,,,,,,,,,
95ecb36a-fbfc-40cf-862a-2fa53fd46bfb,N/A,860c3274-fc26-49a4-a0aa-db5870c3c3b3,NA,NA,NA,,,,,,,,,,,,,,
c23e4e3d-6a59-4366-a043-e771c5f46348,N/A,e805d012-9ee8-4872-9d4b-e6a3b8c7059c,NA,NA,NA,,,,,,,,,,,,,,
ddfd3adf-0c3f-4be5-af52-bc066f68c018,WINDOWS AZURE INTERNAL CONSUMPTION,361f31b7-dcd3-4822-aa52-a453e4aad1b5,NA,NA,NA,,,,,,,,,,,,,,
bb593954-f718-4ad5-a94d-f676786b6266,ac_it_is01,864c1233-950b-42ae-b5a1-90908a9c1604,NA,NA,NA,,,,,,,,,,,,,,
d22263fc-c271-44f6-b269-77dccda1828c,ac_it_is02,864c1233-950b-42ae-b5a1-90908a9c1604,NA,NA,NA,,,,,,,,,,,,,,
f7ccde76-13d3-4104-a67c-a396e59e872b,N/A,ae1cab4b-77d2-4975-88cf-6f77dc83359f,NA,NA,NA,,,,,,,,,,,,,,
96da3019-4b34-4a71-9d18-22440ba112c5,WINDOWS AZURE 内部消耗,82e7697f-0439-4673-846b-97ba5d88197d,NA,NA,NA,,,,,,,,,,,,,,
df341ba9-0689-41f4-ba16-0680bfd5fddc,DEMO ENV,9e669c60-af36-466f-8213-7ec0d9342049,NA,NA,NA,,,,,,,,,,,,,,
fa9d9dbc-2b95-4a6e-9eb7-0f0472d4c7ff,WINDOWS AZURE 企业,b9052c32-70a3-4b4a-ae51-bae4ca4550f0,北京神州数码云计算有限公司,V5702501S0009,jinyja@digitalchina.com,liangyx1@digitalchina.com,,,,,,,,,,,,,
b04beec6-3bca-49aa-a14c-6d218b8fae3e,WINDOWS AZURE 企业,0d8dec38-71ca-459c-ad6e-03e602aa9c7b,北京神州数码云计算有限公司,V5702501S0009,jinyja@digitalchina.com,liangyx1@digitalchina.com,,,,,,,,,,,,,
f71d37df-bd37-4f2d-b9ed-c20fe516a602,WINDOWS AZURE 企业,6b5f0a1d-238e-4c2c-868d-d87a706a529d,中建材信息技术股份有限公司,V5702502S0028,renchangfu@cnbmtech.com,,,,,,,,,,,,,,
7f7b1fe6-130a-4c4e-97cc-554f4b6e044c,HITACHIENERGY-NERP-NPROD-02,ec51bb34-8cd6-47d6-b910-e3633b320fd5,Hitachi Energy (China) Ltd.,V5702404S0076,sebastian.wille@hitachienergy.com,,,,,,,,,,,,,,
cc6d459c-8537-45d6-95b6-19d185c389ba,HITACHIENERGY-NERP-PROD-02,ec51bb34-8cd6-47d6-b910-e3633b320fd5,Hitachi Energy (China) Ltd.,V5702404S0076,sebastian.wille@hitachienergy.com,,,,,,,,,,,,,,
a1ea18e1-21a4-40f3-8095-ef84132efa07,NATURESVARIETY-CNDP,f4c87813-2037-469f-95f8-4d822c9631c5,中建材信息技术股份有限公司,V5702509S0153,renchangfu@cnbmtech.com,,,,,,,,,,,,,,
